source_topic_space,source_topic,source_topic_code,mean_coverage_deficit,low_coverage_share,claims,direction,iteration
policy,0,P0,0.37062272,0.12931034482758622,116,policy_to_sentiment,0
policy,1,P1,0.3749892,0.1746031746031746,63,policy_to_sentiment,0
policy,2,P2,0.36869177,0.0625,32,policy_to_sentiment,0
policy,3,P3,0.31414944,0.038461538461538464,104,policy_to_sentiment,0
policy,4,P4,0.3809841,0.10869565217391304,46,policy_to_sentiment,0
policy,5,P5,0.3464345,0.06593406593406594,91,policy_to_sentiment,0
policy,6,P6,0.3842789,0.1415929203539823,113,policy_to_sentiment,0
policy,7,P7,0.35201883,0.09166666666666666,120,policy_to_sentiment,0
policy,8,P8,0.38527238,0.15789473684210525,76,policy_to_sentiment,0
sentiment,0,S0,0.38222367,0.18840579710144928,69,sentiment_to_policy,0
sentiment,1,S1,0.36185452,0.09420289855072464,138,sentiment_to_policy,0
sentiment,2,S2,0.41664094,0.061224489795918366,49,sentiment_to_policy,0
sentiment,3,S3,0.3394944,0.08181818181818182,220,sentiment_to_policy,0
sentiment,4,S4,0.35866597,0.0673076923076923,104,sentiment_to_policy,0
sentiment,5,S5,0.36409986,0.09876543209876543,81,sentiment_to_policy,0
sentiment,6,S6,0.39878747,0.21739130434782608,46,sentiment_to_policy,0
sentiment,7,S7,0.43336633,0.38461538461538464,39,sentiment_to_policy,0
sentiment,8,S8,0.39629704,0.06666666666666667,15,sentiment_to_policy,0
policy,0,P0,0.36756322,0.11818181818181818,110,policy_to_sentiment,1
policy,1,P1,0.391413,0.20408163265306123,49,policy_to_sentiment,1
policy,2,P2,0.3460572,0.027777777777777776,36,policy_to_sentiment,1
policy,3,P3,0.30441135,0.009009009009009009,111,policy_to_sentiment,1
policy,4,P4,0.38709235,0.14285714285714285,42,policy_to_sentiment,1
policy,5,P5,0.36156616,0.06896551724137931,87,policy_to_sentiment,1
policy,6,P6,0.36632055,0.1440677966101695,118,policy_to_sentiment,1
policy,7,P7,0.34362674,0.10619469026548672,113,policy_to_sentiment,1
policy,8,P8,0.37811744,0.15789473684210525,95,policy_to_sentiment,1
sentiment,0,S0,0.3853365,0.18840579710144928,69,sentiment_to_policy,1
sentiment,1,S1,0.3614251,0.08695652173913043,138,sentiment_to_policy,1
sentiment,2,S2,0.42076993,0.08163265306122448,49,sentiment_to_policy,1
sentiment,3,S3,0.3416325,0.08636363636363636,220,sentiment_to_policy,1
sentiment,4,S4,0.35726693,0.0673076923076923,104,sentiment_to_policy,1
sentiment,5,S5,0.36404708,0.1111111111111111,81,sentiment_to_policy,1
sentiment,6,S6,0.39866185,0.21739130434782608,46,sentiment_to_policy,1
sentiment,7,S7,0.4380276,0.38461538461538464,39,sentiment_to_policy,1
sentiment,8,S8,0.40415448,0.13333333333333333,15,sentiment_to_policy,1
policy,0,P0,0.37504378,0.10256410256410256,117,policy_to_sentiment,2
policy,1,P1,0.37862694,0.14,50,policy_to_sentiment,2
policy,2,P2,0.3712004,0.08571428571428572,35,policy_to_sentiment,2
policy,3,P3,0.3052614,0.028037383177570093,107,policy_to_sentiment,2
policy,4,P4,0.37735137,0.041666666666666664,48,policy_to_sentiment,2
policy,5,P5,0.37278894,0.11392405063291139,79,policy_to_sentiment,2
policy,6,P6,0.36216035,0.09701492537313433,134,policy_to_sentiment,2
policy,7,P7,0.33865532,0.0761904761904762,105,policy_to_sentiment,2
policy,8,P8,0.40915924,0.29069767441860467,86,policy_to_sentiment,2
sentiment,0,S0,0.3834363,0.17391304347826086,69,sentiment_to_policy,2
sentiment,1,S1,0.35620517,0.07246376811594203,138,sentiment_to_policy,2
sentiment,2,S2,0.413378,0.061224489795918366,49,sentiment_to_policy,2
sentiment,3,S3,0.34185755,0.07272727272727272,220,sentiment_to_policy,2
sentiment,4,S4,0.3595279,0.057692307692307696,104,sentiment_to_policy,2
sentiment,5,S5,0.36476028,0.13580246913580246,81,sentiment_to_policy,2
sentiment,6,S6,0.40032274,0.1956521739130435,46,sentiment_to_policy,2
sentiment,7,S7,0.43644857,0.3076923076923077,39,sentiment_to_policy,2
sentiment,8,S8,0.40975383,0.06666666666666667,15,sentiment_to_policy,2
policy,0,P0,0.36978716,0.125,128,policy_to_sentiment,3
policy,1,P1,0.36421272,0.13953488372093023,43,policy_to_sentiment,3
policy,2,P2,0.33288887,0.029411764705882353,34,policy_to_sentiment,3
policy,3,P3,0.30417246,0.010309278350515464,97,policy_to_sentiment,3
policy,4,P4,0.36757642,0.08333333333333333,36,policy_to_sentiment,3
policy,5,P5,0.37056696,0.10227272727272728,88,policy_to_sentiment,3
policy,6,P6,0.35961723,0.0738255033557047,149,policy_to_sentiment,3
policy,7,P7,0.33092406,0.06422018348623854,109,policy_to_sentiment,3
policy,8,P8,0.40048784,0.22077922077922077,77,policy_to_sentiment,3
sentiment,0,S0,0.38414493,0.18840579710144928,69,sentiment_to_policy,3
sentiment,1,S1,0.3628759,0.08695652173913043,138,sentiment_to_policy,3
sentiment,2,S2,0.41241917,0.08163265306122448,49,sentiment_to_policy,3
sentiment,3,S3,0.3396821,0.07727272727272727,220,sentiment_to_policy,3
sentiment,4,S4,0.36042455,0.057692307692307696,104,sentiment_to_policy,3
sentiment,5,S5,0.36623153,0.09876543209876543,81,sentiment_to_policy,3
sentiment,6,S6,0.399669,0.1956521739130435,46,sentiment_to_policy,3
sentiment,7,S7,0.43009123,0.3333333333333333,39,sentiment_to_policy,3
sentiment,8,S8,0.39289764,0.06666666666666667,15,sentiment_to_policy,3
policy,0,P0,0.37943923,0.11504424778761062,113,policy_to_sentiment,4
policy,1,P1,0.33943185,0.12307692307692308,65,policy_to_sentiment,4
policy,2,P2,0.3385166,0.029411764705882353,34,policy_to_sentiment,4
policy,3,P3,0.30718854,0.027777777777777776,108,policy_to_sentiment,4
policy,4,P4,0.3614986,0.06521739130434782,46,policy_to_sentiment,4
policy,5,P5,0.35204682,0.07058823529411765,85,policy_to_sentiment,4
policy,6,P6,0.36098436,0.11188811188811189,143,policy_to_sentiment,4
policy,7,P7,0.33687276,0.0967741935483871,93,policy_to_sentiment,4
policy,8,P8,0.40164724,0.20270270270270271,74,policy_to_sentiment,4
sentiment,0,S0,0.37894276,0.17391304347826086,69,sentiment_to_policy,4
sentiment,1,S1,0.3572724,0.08695652173913043,138,sentiment_to_policy,4
sentiment,2,S2,0.41854435,0.08163265306122448,49,sentiment_to_policy,4
sentiment,3,S3,0.34004846,0.07272727272727272,220,sentiment_to_policy,4
sentiment,4,S4,0.3564552,0.0673076923076923,104,sentiment_to_policy,4
sentiment,5,S5,0.3631783,0.1111111111111111,81,sentiment_to_policy,4
sentiment,6,S6,0.40432304,0.1956521739130435,46,sentiment_to_policy,4
sentiment,7,S7,0.43622977,0.38461538461538464,39,sentiment_to_policy,4
sentiment,8,S8,0.40589997,0.13333333333333333,15,sentiment_to_policy,4
policy,0,P0,0.3876308,0.14655172413793102,116,policy_to_sentiment,5
policy,1,P1,0.37111852,0.14285714285714285,56,policy_to_sentiment,5
policy,2,P2,0.33139858,0.02631578947368421,38,policy_to_sentiment,5
policy,3,P3,0.29768932,0.022222222222222223,90,policy_to_sentiment,5
policy,4,P4,0.38586274,0.1,30,policy_to_sentiment,5
policy,5,P5,0.3754324,0.11363636363636363,88,policy_to_sentiment,5
policy,6,P6,0.3695745,0.10869565217391304,138,policy_to_sentiment,5
policy,7,P7,0.33061028,0.07258064516129033,124,policy_to_sentiment,5
policy,8,P8,0.40660444,0.2345679012345679,81,policy_to_sentiment,5
sentiment,0,S0,0.38005242,0.2028985507246377,69,sentiment_to_policy,5
sentiment,1,S1,0.3628023,0.08695652173913043,138,sentiment_to_policy,5
sentiment,2,S2,0.4156554,0.08163265306122448,49,sentiment_to_policy,5
sentiment,3,S3,0.33914572,0.06818181818181818,220,sentiment_to_policy,5
sentiment,4,S4,0.35872152,0.0673076923076923,104,sentiment_to_policy,5
sentiment,5,S5,0.36738086,0.12345679012345678,81,sentiment_to_policy,5
sentiment,6,S6,0.40102893,0.21739130434782608,46,sentiment_to_policy,5
sentiment,7,S7,0.4375509,0.3333333333333333,39,sentiment_to_policy,5
sentiment,8,S8,0.3983797,0.06666666666666667,15,sentiment_to_policy,5
policy,0,P0,0.39414933,0.16346153846153846,104,policy_to_sentiment,6
policy,1,P1,0.37927282,0.15254237288135594,59,policy_to_sentiment,6
policy,2,P2,0.34884748,0.05263157894736842,38,policy_to_sentiment,6
policy,3,P3,0.30872828,0.019230769230769232,104,policy_to_sentiment,6
policy,4,P4,0.3581236,0.07692307692307693,39,policy_to_sentiment,6
policy,5,P5,0.36750856,0.06666666666666667,90,policy_to_sentiment,6
policy,6,P6,0.34477916,0.08280254777070063,157,policy_to_sentiment,6
policy,7,P7,0.3364373,0.06862745098039216,102,policy_to_sentiment,6
policy,8,P8,0.40540206,0.22058823529411764,68,policy_to_sentiment,6
sentiment,0,S0,0.38228914,0.13043478260869565,69,sentiment_to_policy,6
sentiment,1,S1,0.36352733,0.09420289855072464,138,sentiment_to_policy,6
sentiment,2,S2,0.41605696,0.08163265306122448,49,sentiment_to_policy,6
sentiment,3,S3,0.3403536,0.07727272727272727,220,sentiment_to_policy,6
sentiment,4,S4,0.35327843,0.038461538461538464,104,sentiment_to_policy,6
sentiment,5,S5,0.36848617,0.12345679012345678,81,sentiment_to_policy,6
sentiment,6,S6,0.40945372,0.21739130434782608,46,sentiment_to_policy,6
sentiment,7,S7,0.4430187,0.38461538461538464,39,sentiment_to_policy,6
sentiment,8,S8,0.39127052,0.06666666666666667,15,sentiment_to_policy,6
policy,0,P0,0.37747365,0.13761467889908258,109,policy_to_sentiment,7
policy,1,P1,0.36405072,0.16363636363636364,55,policy_to_sentiment,7
policy,2,P2,0.3411244,0.02702702702702703,37,policy_to_sentiment,7
policy,3,P3,0.30926988,0.02127659574468085,94,policy_to_sentiment,7
policy,4,P4,0.38736868,0.11428571428571428,35,policy_to_sentiment,7
policy,5,P5,0.36039025,0.09803921568627451,102,policy_to_sentiment,7
policy,6,P6,0.36695352,0.1223021582733813,139,policy_to_sentiment,7
policy,7,P7,0.3331036,0.11320754716981132,106,policy_to_sentiment,7
policy,8,P8,0.4010516,0.20238095238095238,84,policy_to_sentiment,7
sentiment,0,S0,0.38034633,0.18840579710144928,69,sentiment_to_policy,7
sentiment,1,S1,0.35842082,0.08695652173913043,138,sentiment_to_policy,7
sentiment,2,S2,0.40642056,0.061224489795918366,49,sentiment_to_policy,7
sentiment,3,S3,0.33746395,0.07272727272727272,220,sentiment_to_policy,7
sentiment,4,S4,0.35640776,0.0673076923076923,104,sentiment_to_policy,7
sentiment,5,S5,0.3602895,0.09876543209876543,81,sentiment_to_policy,7
sentiment,6,S6,0.40615717,0.21739130434782608,46,sentiment_to_policy,7
sentiment,7,S7,0.4450105,0.358974358974359,39,sentiment_to_policy,7
sentiment,8,S8,0.39577565,0.06666666666666667,15,sentiment_to_policy,7
policy,0,P0,0.37253904,0.12173913043478261,115,policy_to_sentiment,8
policy,1,P1,0.3651718,0.11320754716981132,53,policy_to_sentiment,8
policy,2,P2,0.36995658,0.0975609756097561,41,policy_to_sentiment,8
policy,3,P3,0.30229437,0.02857142857142857,105,policy_to_sentiment,8
policy,4,P4,0.38745967,0.13157894736842105,38,policy_to_sentiment,8
policy,5,P5,0.3636439,0.06862745098039216,102,policy_to_sentiment,8
policy,6,P6,0.3550694,0.10483870967741936,124,policy_to_sentiment,8
policy,7,P7,0.32528102,0.0380952380952381,105,policy_to_sentiment,8
policy,8,P8,0.39525884,0.16666666666666666,78,policy_to_sentiment,8
sentiment,0,S0,0.38283706,0.18840579710144928,69,sentiment_to_policy,8
sentiment,1,S1,0.36226827,0.07971014492753623,138,sentiment_to_policy,8
sentiment,2,S2,0.4235598,0.08163265306122448,49,sentiment_to_policy,8
sentiment,3,S3,0.34044713,0.07727272727272727,220,sentiment_to_policy,8
sentiment,4,S4,0.35582256,0.07692307692307693,104,sentiment_to_policy,8
sentiment,5,S5,0.36462843,0.1111111111111111,81,sentiment_to_policy,8
sentiment,6,S6,0.40572223,0.2391304347826087,46,sentiment_to_policy,8
sentiment,7,S7,0.4282659,0.3333333333333333,39,sentiment_to_policy,8
sentiment,8,S8,0.3979182,0.06666666666666667,15,sentiment_to_policy,8
policy,0,P0,0.37700483,0.12598425196850394,127,policy_to_sentiment,9
policy,1,P1,0.37595648,0.10526315789473684,57,policy_to_sentiment,9
policy,2,P2,0.34341192,0.09090909090909091,44,policy_to_sentiment,9
policy,3,P3,0.30448443,0.01282051282051282,78,policy_to_sentiment,9
policy,4,P4,0.3761889,0.075,40,policy_to_sentiment,9
policy,5,P5,0.3632126,0.10416666666666667,96,policy_to_sentiment,9
policy,6,P6,0.35253856,0.06474820143884892,139,policy_to_sentiment,9
policy,7,P7,0.33431014,0.06862745098039216,102,policy_to_sentiment,9
policy,8,P8,0.38484555,0.21794871794871795,78,policy_to_sentiment,9
sentiment,0,S0,0.38747504,0.2028985507246377,69,sentiment_to_policy,9
sentiment,1,S1,0.3637069,0.10144927536231885,138,sentiment_to_policy,9
sentiment,2,S2,0.41434824,0.08163265306122448,49,sentiment_to_policy,9
sentiment,3,S3,0.3380567,0.07272727272727272,220,sentiment_to_policy,9
sentiment,4,S4,0.36056435,0.0673076923076923,104,sentiment_to_policy,9
sentiment,5,S5,0.36416447,0.13580246913580246,81,sentiment_to_policy,9
sentiment,6,S6,0.40331098,0.21739130434782608,46,sentiment_to_policy,9
sentiment,7,S7,0.44192213,0.38461538461538464,39,sentiment_to_policy,9
sentiment,8,S8,0.3956512,0.06666666666666667,15,sentiment_to_policy,9
policy,0,P0,0.37905192,0.10569105691056911,123,policy_to_sentiment,10
policy,1,P1,0.35361612,0.11666666666666667,60,policy_to_sentiment,10
policy,2,P2,0.37509888,0.08571428571428572,35,policy_to_sentiment,10
policy,3,P3,0.31539685,0.020202020202020204,99,policy_to_sentiment,10
policy,4,P4,0.38075483,0.09090909090909091,44,policy_to_sentiment,10
policy,5,P5,0.3578889,0.0673076923076923,104,policy_to_sentiment,10
policy,6,P6,0.35791734,0.0967741935483871,124,policy_to_sentiment,10
policy,7,P7,0.3366815,0.09090909090909091,99,policy_to_sentiment,10
policy,8,P8,0.40992257,0.2876712328767123,73,policy_to_sentiment,10
sentiment,0,S0,0.38428262,0.15942028985507245,69,sentiment_to_policy,10
sentiment,1,S1,0.35616913,0.08695652173913043,138,sentiment_to_policy,10
sentiment,2,S2,0.39869183,0.04081632653061224,49,sentiment_to_policy,10
sentiment,3,S3,0.33543986,0.08636363636363636,220,sentiment_to_policy,10
sentiment,4,S4,0.35322407,0.038461538461538464,104,sentiment_to_policy,10
sentiment,5,S5,0.36158955,0.13580246913580246,81,sentiment_to_policy,10
sentiment,6,S6,0.39774224,0.2391304347826087,46,sentiment_to_policy,10
sentiment,7,S7,0.43879417,0.358974358974359,39,sentiment_to_policy,10
sentiment,8,S8,0.4019559,0.06666666666666667,15,sentiment_to_policy,10
policy,0,P0,0.37363282,0.12295081967213115,122,policy_to_sentiment,11
policy,1,P1,0.36818534,0.08333333333333333,60,policy_to_sentiment,11
policy,2,P2,0.3437853,0.02857142857142857,35,policy_to_sentiment,11
policy,3,P3,0.30823618,0.02531645569620253,79,policy_to_sentiment,11
policy,4,P4,0.3706906,0.06451612903225806,31,policy_to_sentiment,11
policy,5,P5,0.36074874,0.0891089108910891,101,policy_to_sentiment,11
policy,6,P6,0.3511156,0.09285714285714286,140,policy_to_sentiment,11
policy,7,P7,0.3389699,0.13333333333333333,105,policy_to_sentiment,11
policy,8,P8,0.391024,0.19318181818181818,88,policy_to_sentiment,11
sentiment,0,S0,0.382161,0.15942028985507245,69,sentiment_to_policy,11
sentiment,1,S1,0.35928676,0.06521739130434782,138,sentiment_to_policy,11
sentiment,2,S2,0.4126428,0.08163265306122448,49,sentiment_to_policy,11
sentiment,3,S3,0.33653384,0.07727272727272727,220,sentiment_to_policy,11
sentiment,4,S4,0.35480818,0.057692307692307696,104,sentiment_to_policy,11
sentiment,5,S5,0.36421186,0.09876543209876543,81,sentiment_to_policy,11
sentiment,6,S6,0.40161598,0.17391304347826086,46,sentiment_to_policy,11
sentiment,7,S7,0.4392907,0.358974358974359,39,sentiment_to_policy,11
sentiment,8,S8,0.3964145,0.06666666666666667,15,sentiment_to_policy,11
policy,0,P0,0.38214958,0.18518518518518517,108,policy_to_sentiment,12
policy,1,P1,0.37235656,0.1346153846153846,52,policy_to_sentiment,12
policy,2,P2,0.33552608,0.02631578947368421,38,policy_to_sentiment,12
policy,3,P3,0.30326834,0.0,101,policy_to_sentiment,12
policy,4,P4,0.35654432,0.045454545454545456,44,policy_to_sentiment,12
policy,5,P5,0.36105645,0.10752688172043011,93,policy_to_sentiment,12
policy,6,P6,0.37006876,0.13636363636363635,132,policy_to_sentiment,12
policy,7,P7,0.32908973,0.08108108108108109,111,policy_to_sentiment,12
policy,8,P8,0.39156774,0.18292682926829268,82,policy_to_sentiment,12
sentiment,0,S0,0.3845446,0.13043478260869565,69,sentiment_to_policy,12
sentiment,1,S1,0.35919693,0.10144927536231885,138,sentiment_to_policy,12
sentiment,2,S2,0.42672038,0.16326530612244897,49,sentiment_to_policy,12
sentiment,3,S3,0.34074363,0.09090909090909091,220,sentiment_to_policy,12
sentiment,4,S4,0.3524507,0.0673076923076923,104,sentiment_to_policy,12
sentiment,5,S5,0.3633781,0.13580246913580246,81,sentiment_to_policy,12
sentiment,6,S6,0.40282345,0.1956521739130435,46,sentiment_to_policy,12
sentiment,7,S7,0.4341887,0.358974358974359,39,sentiment_to_policy,12
sentiment,8,S8,0.40574244,0.13333333333333333,15,sentiment_to_policy,12
policy,0,P0,0.37957337,0.1111111111111111,117,policy_to_sentiment,13
policy,1,P1,0.37507963,0.19672131147540983,61,policy_to_sentiment,13
policy,2,P2,0.32478955,0.022727272727272728,44,policy_to_sentiment,13
policy,3,P3,0.3093007,0.0425531914893617,94,policy_to_sentiment,13
policy,4,P4,0.35084447,0.0,38,policy_to_sentiment,13
policy,5,P5,0.3725755,0.11904761904761904,84,policy_to_sentiment,13
policy,6,P6,0.36850882,0.11023622047244094,127,policy_to_sentiment,13
policy,7,P7,0.3372478,0.07368421052631578,95,policy_to_sentiment,13
policy,8,P8,0.39483246,0.2079207920792079,101,policy_to_sentiment,13
sentiment,0,S0,0.3856462,0.17391304347826086,69,sentiment_to_policy,13
sentiment,1,S1,0.35830954,0.07971014492753623,138,sentiment_to_policy,13
sentiment,2,S2,0.4172132,0.08163265306122448,49,sentiment_to_policy,13
sentiment,3,S3,0.3377762,0.06818181818181818,220,sentiment_to_policy,13
sentiment,4,S4,0.35935706,0.057692307692307696,104,sentiment_to_policy,13
sentiment,5,S5,0.3657293,0.08641975308641975,81,sentiment_to_policy,13
sentiment,6,S6,0.4041958,0.2391304347826087,46,sentiment_to_policy,13
sentiment,7,S7,0.43547478,0.28205128205128205,39,sentiment_to_policy,13
sentiment,8,S8,0.3930473,0.13333333333333333,15,sentiment_to_policy,13
policy,0,P0,0.36799726,0.09649122807017543,114,policy_to_sentiment,14
policy,1,P1,0.36747918,0.1276595744680851,47,policy_to_sentiment,14
policy,2,P2,0.35902897,0.10416666666666667,48,policy_to_sentiment,14
policy,3,P3,0.30328095,0.010101010101010102,99,policy_to_sentiment,14
policy,4,P4,0.37074193,0.11904761904761904,42,policy_to_sentiment,14
policy,5,P5,0.3466546,0.06315789473684211,95,policy_to_sentiment,14
policy,6,P6,0.3636983,0.10687022900763359,131,policy_to_sentiment,14
policy,7,P7,0.3447241,0.07407407407407407,108,policy_to_sentiment,14
policy,8,P8,0.39465418,0.19480519480519481,77,policy_to_sentiment,14
sentiment,0,S0,0.38844815,0.18840579710144928,69,sentiment_to_policy,14
sentiment,1,S1,0.3603231,0.06521739130434782,138,sentiment_to_policy,14
sentiment,2,S2,0.43484572,0.20408163265306123,49,sentiment_to_policy,14
sentiment,3,S3,0.34217918,0.07272727272727272,220,sentiment_to_policy,14
sentiment,4,S4,0.3586955,0.057692307692307696,104,sentiment_to_policy,14
sentiment,5,S5,0.3621581,0.08641975308641975,81,sentiment_to_policy,14
sentiment,6,S6,0.40140504,0.21739130434782608,46,sentiment_to_policy,14
sentiment,7,S7,0.4363823,0.3333333333333333,39,sentiment_to_policy,14
sentiment,8,S8,0.39856118,0.0,15,sentiment_to_policy,14
policy,0,P0,0.37135553,0.10434782608695652,115,policy_to_sentiment,15
policy,1,P1,0.37073928,0.14893617021276595,47,policy_to_sentiment,15
policy,2,P2,0.34260532,0.03571428571428571,28,policy_to_sentiment,15
policy,3,P3,0.30960512,0.011363636363636364,88,policy_to_sentiment,15
policy,4,P4,0.37245885,0.10256410256410256,39,policy_to_sentiment,15
policy,5,P5,0.3608034,0.09009009009009009,111,policy_to_sentiment,15
policy,6,P6,0.37945634,0.17391304347826086,138,policy_to_sentiment,15
policy,7,P7,0.33299163,0.0975609756097561,123,policy_to_sentiment,15
policy,8,P8,0.38056728,0.1527777777777778,72,policy_to_sentiment,15
sentiment,0,S0,0.38166022,0.17391304347826086,69,sentiment_to_policy,15
sentiment,1,S1,0.3602208,0.08695652173913043,138,sentiment_to_policy,15
sentiment,2,S2,0.430336,0.12244897959183673,49,sentiment_to_policy,15
sentiment,3,S3,0.33819494,0.06363636363636363,220,sentiment_to_policy,15
sentiment,4,S4,0.3592044,0.08653846153846154,104,sentiment_to_policy,15
sentiment,5,S5,0.3630412,0.12345679012345678,81,sentiment_to_policy,15
sentiment,6,S6,0.40281293,0.2391304347826087,46,sentiment_to_policy,15
sentiment,7,S7,0.4405787,0.38461538461538464,39,sentiment_to_policy,15
sentiment,8,S8,0.3972953,0.06666666666666667,15,sentiment_to_policy,15
policy,0,P0,0.3792646,0.18604651162790697,129,policy_to_sentiment,16
policy,1,P1,0.35939854,0.15217391304347827,46,policy_to_sentiment,16
policy,2,P2,0.3569104,0.05,40,policy_to_sentiment,16
policy,3,P3,0.31756467,0.05263157894736842,95,policy_to_sentiment,16
policy,4,P4,0.36823693,0.10869565217391304,46,policy_to_sentiment,16
policy,5,P5,0.3634692,0.08333333333333333,84,policy_to_sentiment,16
policy,6,P6,0.37001932,0.14285714285714285,126,policy_to_sentiment,16
policy,7,P7,0.3386913,0.09090909090909091,110,policy_to_sentiment,16
policy,8,P8,0.38904122,0.18823529411764706,85,policy_to_sentiment,16
sentiment,0,S0,0.38078785,0.15942028985507245,69,sentiment_to_policy,16
sentiment,1,S1,0.35617706,0.08695652173913043,138,sentiment_to_policy,16
sentiment,2,S2,0.40679297,0.061224489795918366,49,sentiment_to_policy,16
sentiment,3,S3,0.33529133,0.07272727272727272,220,sentiment_to_policy,16
sentiment,4,S4,0.35661218,0.057692307692307696,104,sentiment_to_policy,16
sentiment,5,S5,0.36255038,0.13580246913580246,81,sentiment_to_policy,16
sentiment,6,S6,0.40361238,0.2608695652173913,46,sentiment_to_policy,16
sentiment,7,S7,0.43600723,0.358974358974359,39,sentiment_to_policy,16
sentiment,8,S8,0.40424016,0.06666666666666667,15,sentiment_to_policy,16
policy,0,P0,0.39140838,0.19696969696969696,132,policy_to_sentiment,17
policy,1,P1,0.38526946,0.1836734693877551,49,policy_to_sentiment,17
policy,2,P2,0.35154605,0.08823529411764706,34,policy_to_sentiment,17
policy,3,P3,0.30624527,0.02040816326530612,98,policy_to_sentiment,17
policy,4,P4,0.36665893,0.07317073170731707,41,policy_to_sentiment,17
policy,5,P5,0.36392906,0.06666666666666667,90,policy_to_sentiment,17
policy,6,P6,0.3601011,0.1,120,policy_to_sentiment,17
policy,7,P7,0.34291467,0.12612612612612611,111,policy_to_sentiment,17
policy,8,P8,0.39354813,0.26744186046511625,86,policy_to_sentiment,17
sentiment,0,S0,0.38875073,0.2318840579710145,69,sentiment_to_policy,17
sentiment,1,S1,0.36684895,0.10144927536231885,138,sentiment_to_policy,17
sentiment,2,S2,0.4222974,0.10204081632653061,49,sentiment_to_policy,17
sentiment,3,S3,0.345565,0.08181818181818182,220,sentiment_to_policy,17
sentiment,4,S4,0.35703805,0.07692307692307693,104,sentiment_to_policy,17
sentiment,5,S5,0.36561197,0.08641975308641975,81,sentiment_to_policy,17
sentiment,6,S6,0.40468293,0.2391304347826087,46,sentiment_to_policy,17
sentiment,7,S7,0.44027552,0.38461538461538464,39,sentiment_to_policy,17
sentiment,8,S8,0.393374,0.06666666666666667,15,sentiment_to_policy,17
policy,0,P0,0.37426996,0.14035087719298245,114,policy_to_sentiment,18
policy,1,P1,0.37918437,0.22727272727272727,44,policy_to_sentiment,18
policy,2,P2,0.34763417,0.041666666666666664,48,policy_to_sentiment,18
policy,3,P3,0.3088361,0.027777777777777776,72,policy_to_sentiment,18
policy,4,P4,0.37539977,0.04878048780487805,41,policy_to_sentiment,18
policy,5,P5,0.37423754,0.1262135922330097,103,policy_to_sentiment,18
policy,6,P6,0.36502856,0.12582781456953643,151,policy_to_sentiment,18
policy,7,P7,0.34755036,0.12,100,policy_to_sentiment,18
policy,8,P8,0.39696667,0.2159090909090909,88,policy_to_sentiment,18
sentiment,0,S0,0.38225055,0.15942028985507245,69,sentiment_to_policy,18
sentiment,1,S1,0.3582582,0.10144927536231885,138,sentiment_to_policy,18
sentiment,2,S2,0.4115,0.061224489795918366,49,sentiment_to_policy,18
sentiment,3,S3,0.34120238,0.08181818181818182,220,sentiment_to_policy,18
sentiment,4,S4,0.35527346,0.04807692307692308,104,sentiment_to_policy,18
sentiment,5,S5,0.3632051,0.12345679012345678,81,sentiment_to_policy,18
sentiment,6,S6,0.4022063,0.2608695652173913,46,sentiment_to_policy,18
sentiment,7,S7,0.44492945,0.38461538461538464,39,sentiment_to_policy,18
sentiment,8,S8,0.4099907,0.0,15,sentiment_to_policy,18
policy,0,P0,0.39238068,0.18269230769230768,104,policy_to_sentiment,19
policy,1,P1,0.36472017,0.0847457627118644,59,policy_to_sentiment,19
policy,2,P2,0.34053597,0.08888888888888889,45,policy_to_sentiment,19
policy,3,P3,0.3049272,0.010416666666666666,96,policy_to_sentiment,19
policy,4,P4,0.3804446,0.046511627906976744,43,policy_to_sentiment,19
policy,5,P5,0.36224145,0.07142857142857142,84,policy_to_sentiment,19
policy,6,P6,0.3597844,0.07913669064748201,139,policy_to_sentiment,19
policy,7,P7,0.33575454,0.08737864077669903,103,policy_to_sentiment,19
policy,8,P8,0.3916668,0.19318181818181818,88,policy_to_sentiment,19
sentiment,0,S0,0.38155854,0.18840579710144928,69,sentiment_to_policy,19
sentiment,1,S1,0.37041518,0.09420289855072464,138,sentiment_to_policy,19
sentiment,2,S2,0.43293205,0.12244897959183673,49,sentiment_to_policy,19
sentiment,3,S3,0.34406,0.07727272727272727,220,sentiment_to_policy,19
sentiment,4,S4,0.3553932,0.057692307692307696,104,sentiment_to_policy,19
sentiment,5,S5,0.36679998,0.1111111111111111,81,sentiment_to_policy,19
sentiment,6,S6,0.4029631,0.2391304347826087,46,sentiment_to_policy,19
sentiment,7,S7,0.43413872,0.358974358974359,39,sentiment_to_policy,19
sentiment,8,S8,0.39873776,0.13333333333333333,15,sentiment_to_policy,19
policy,0,P0,0.37752953,0.14678899082568808,109,policy_to_sentiment,20
policy,1,P1,0.35684884,0.11320754716981132,53,policy_to_sentiment,20
policy,2,P2,0.34809086,0.125,40,policy_to_sentiment,20
policy,3,P3,0.29650906,0.00909090909090909,110,policy_to_sentiment,20
policy,4,P4,0.39433292,0.13513513513513514,37,policy_to_sentiment,20
policy,5,P5,0.37050238,0.1368421052631579,95,policy_to_sentiment,20
policy,6,P6,0.3646647,0.10236220472440945,127,policy_to_sentiment,20
policy,7,P7,0.33925432,0.06422018348623854,109,policy_to_sentiment,20
policy,8,P8,0.39660475,0.2222222222222222,81,policy_to_sentiment,20
sentiment,0,S0,0.38357756,0.18840579710144928,69,sentiment_to_policy,20
sentiment,1,S1,0.36356395,0.10869565217391304,138,sentiment_to_policy,20
sentiment,2,S2,0.41171122,0.061224489795918366,49,sentiment_to_policy,20
sentiment,3,S3,0.33997217,0.07727272727272727,220,sentiment_to_policy,20
sentiment,4,S4,0.35533005,0.057692307692307696,104,sentiment_to_policy,20
sentiment,5,S5,0.3650441,0.13580246913580246,81,sentiment_to_policy,20
sentiment,6,S6,0.40233657,0.2391304347826087,46,sentiment_to_policy,20
sentiment,7,S7,0.44326165,0.38461538461538464,39,sentiment_to_policy,20
sentiment,8,S8,0.3889734,0.06666666666666667,15,sentiment_to_policy,20
policy,0,P0,0.36601993,0.09803921568627451,102,policy_to_sentiment,21
policy,1,P1,0.39073235,0.16,50,policy_to_sentiment,21
policy,2,P2,0.34401128,0.06666666666666667,45,policy_to_sentiment,21
policy,3,P3,0.30729443,0.019230769230769232,104,policy_to_sentiment,21
policy,4,P4,0.37768215,0.1388888888888889,36,policy_to_sentiment,21
policy,5,P5,0.36089635,0.0625,112,policy_to_sentiment,21
policy,6,P6,0.3677363,0.09302325581395349,129,policy_to_sentiment,21
policy,7,P7,0.34110466,0.07407407407407407,108,policy_to_sentiment,21
policy,8,P8,0.39422753,0.24,75,policy_to_sentiment,21
sentiment,0,S0,0.3849301,0.2028985507246377,69,sentiment_to_policy,21
sentiment,1,S1,0.35974094,0.09420289855072464,138,sentiment_to_policy,21
sentiment,2,S2,0.4082584,0.04081632653061224,49,sentiment_to_policy,21
sentiment,3,S3,0.33958203,0.06818181818181818,220,sentiment_to_policy,21
sentiment,4,S4,0.35277718,0.057692307692307696,104,sentiment_to_policy,21
sentiment,5,S5,0.36198604,0.09876543209876543,81,sentiment_to_policy,21
sentiment,6,S6,0.40255687,0.21739130434782608,46,sentiment_to_policy,21
sentiment,7,S7,0.43182093,0.3333333333333333,39,sentiment_to_policy,21
sentiment,8,S8,0.3880389,0.06666666666666667,15,sentiment_to_policy,21
policy,0,P0,0.38077414,0.15748031496062992,127,policy_to_sentiment,22
policy,1,P1,0.37049168,0.19148936170212766,47,policy_to_sentiment,22
policy,2,P2,0.35166028,0.07692307692307693,39,policy_to_sentiment,22
policy,3,P3,0.30650634,0.009615384615384616,104,policy_to_sentiment,22
policy,4,P4,0.37845245,0.14285714285714285,42,policy_to_sentiment,22
policy,5,P5,0.35952038,0.07920792079207921,101,policy_to_sentiment,22
policy,6,P6,0.35730654,0.09923664122137404,131,policy_to_sentiment,22
policy,7,P7,0.34285194,0.10476190476190476,105,policy_to_sentiment,22
policy,8,P8,0.39524028,0.2,65,policy_to_sentiment,22
sentiment,0,S0,0.38564372,0.18840579710144928,69,sentiment_to_policy,22
sentiment,1,S1,0.36493707,0.10869565217391304,138,sentiment_to_policy,22
sentiment,2,S2,0.41120058,0.061224489795918366,49,sentiment_to_policy,22
sentiment,3,S3,0.34096104,0.05909090909090909,220,sentiment_to_policy,22
sentiment,4,S4,0.35333407,0.0673076923076923,104,sentiment_to_policy,22
sentiment,5,S5,0.36675265,0.09876543209876543,81,sentiment_to_policy,22
sentiment,6,S6,0.39903143,0.21739130434782608,46,sentiment_to_policy,22
sentiment,7,S7,0.4407837,0.358974358974359,39,sentiment_to_policy,22
sentiment,8,S8,0.39692822,0.13333333333333333,15,sentiment_to_policy,22
policy,0,P0,0.36385527,0.11403508771929824,114,policy_to_sentiment,23
policy,1,P1,0.3579112,0.10714285714285714,56,policy_to_sentiment,23
policy,2,P2,0.37458876,0.1,30,policy_to_sentiment,23
policy,3,P3,0.30261692,0.020618556701030927,97,policy_to_sentiment,23
policy,4,P4,0.36546662,0.06,50,policy_to_sentiment,23
policy,5,P5,0.3607965,0.07954545454545454,88,policy_to_sentiment,23
policy,6,P6,0.35861936,0.10144927536231885,138,policy_to_sentiment,23
policy,7,P7,0.33764306,0.06422018348623854,109,policy_to_sentiment,23
policy,8,P8,0.39815858,0.189873417721519,79,policy_to_sentiment,23
sentiment,0,S0,0.3810578,0.17391304347826086,69,sentiment_to_policy,23
sentiment,1,S1,0.35663325,0.07971014492753623,138,sentiment_to_policy,23
sentiment,2,S2,0.41279414,0.02040816326530612,49,sentiment_to_policy,23
sentiment,3,S3,0.34169236,0.09545454545454546,220,sentiment_to_policy,23
sentiment,4,S4,0.35699847,0.08653846153846154,104,sentiment_to_policy,23
sentiment,5,S5,0.36366805,0.12345679012345678,81,sentiment_to_policy,23
sentiment,6,S6,0.41162044,0.2391304347826087,46,sentiment_to_policy,23
sentiment,7,S7,0.44413063,0.38461538461538464,39,sentiment_to_policy,23
sentiment,8,S8,0.39524972,0.06666666666666667,15,sentiment_to_policy,23
policy,0,P0,0.38208428,0.15625,128,policy_to_sentiment,24
policy,1,P1,0.36428604,0.14545454545454545,55,policy_to_sentiment,24
policy,2,P2,0.36332762,0.0975609756097561,41,policy_to_sentiment,24
policy,3,P3,0.31437683,0.03571428571428571,84,policy_to_sentiment,24
policy,4,P4,0.383061,0.02702702702702703,37,policy_to_sentiment,24
policy,5,P5,0.36568487,0.12121212121212122,99,policy_to_sentiment,24
policy,6,P6,0.36593288,0.09243697478991597,119,policy_to_sentiment,24
policy,7,P7,0.3301885,0.058823529411764705,119,policy_to_sentiment,24
policy,8,P8,0.39009577,0.17721518987341772,79,policy_to_sentiment,24
sentiment,0,S0,0.3863074,0.17391304347826086,69,sentiment_to_policy,24
sentiment,1,S1,0.35829028,0.10144927536231885,138,sentiment_to_policy,24
sentiment,2,S2,0.41818705,0.061224489795918366,49,sentiment_to_policy,24
sentiment,3,S3,0.33969536,0.07727272727272727,220,sentiment_to_policy,24
sentiment,4,S4,0.35781083,0.0673076923076923,104,sentiment_to_policy,24
sentiment,5,S5,0.36024526,0.1111111111111111,81,sentiment_to_policy,24
sentiment,6,S6,0.3987267,0.1956521739130435,46,sentiment_to_policy,24
sentiment,7,S7,0.435501,0.38461538461538464,39,sentiment_to_policy,24
sentiment,8,S8,0.40369385,0.06666666666666667,15,sentiment_to_policy,24
policy,0,P0,0.36749804,0.13934426229508196,122,policy_to_sentiment,25
policy,1,P1,0.3825819,0.14814814814814814,54,policy_to_sentiment,25
policy,2,P2,0.3539734,0.09090909090909091,33,policy_to_sentiment,25
policy,3,P3,0.31610903,0.011111111111111112,90,policy_to_sentiment,25
policy,4,P4,0.34777716,0.075,40,policy_to_sentiment,25
policy,5,P5,0.36180642,0.0594059405940594,101,policy_to_sentiment,25
policy,6,P6,0.36674634,0.11920529801324503,151,policy_to_sentiment,25
policy,7,P7,0.33874673,0.125,88,policy_to_sentiment,25
policy,8,P8,0.39615282,0.25609756097560976,82,policy_to_sentiment,25
sentiment,0,S0,0.38557735,0.21739130434782608,69,sentiment_to_policy,25
sentiment,1,S1,0.3618857,0.10869565217391304,138,sentiment_to_policy,25
sentiment,2,S2,0.4169732,0.061224489795918366,49,sentiment_to_policy,25
sentiment,3,S3,0.33911636,0.06363636363636363,220,sentiment_to_policy,25
sentiment,4,S4,0.35966033,0.057692307692307696,104,sentiment_to_policy,25
sentiment,5,S5,0.36624423,0.1111111111111111,81,sentiment_to_policy,25
sentiment,6,S6,0.40590236,0.1956521739130435,46,sentiment_to_policy,25
sentiment,7,S7,0.43990305,0.38461538461538464,39,sentiment_to_policy,25
sentiment,8,S8,0.40088284,0.13333333333333333,15,sentiment_to_policy,25
policy,0,P0,0.37695244,0.1111111111111111,117,policy_to_sentiment,26
policy,1,P1,0.36086085,0.1206896551724138,58,policy_to_sentiment,26
policy,2,P2,0.37038562,0.10256410256410256,39,policy_to_sentiment,26
policy,3,P3,0.31281075,0.02857142857142857,105,policy_to_sentiment,26
policy,4,P4,0.38369638,0.10810810810810811,37,policy_to_sentiment,26
policy,5,P5,0.37869674,0.0989010989010989,91,policy_to_sentiment,26
policy,6,P6,0.3656851,0.09243697478991597,119,policy_to_sentiment,26
policy,7,P7,0.3401408,0.08849557522123894,113,policy_to_sentiment,26
policy,8,P8,0.39433917,0.25609756097560976,82,policy_to_sentiment,26
sentiment,0,S0,0.38057762,0.15942028985507245,69,sentiment_to_policy,26
sentiment,1,S1,0.35928923,0.07971014492753623,138,sentiment_to_policy,26
sentiment,2,S2,0.40838513,0.04081632653061224,49,sentiment_to_policy,26
sentiment,3,S3,0.34160846,0.07727272727272727,220,sentiment_to_policy,26
sentiment,4,S4,0.35647014,0.0673076923076923,104,sentiment_to_policy,26
sentiment,5,S5,0.3650332,0.1111111111111111,81,sentiment_to_policy,26
sentiment,6,S6,0.4034619,0.17391304347826086,46,sentiment_to_policy,26
sentiment,7,S7,0.43128958,0.38461538461538464,39,sentiment_to_policy,26
sentiment,8,S8,0.40776736,0.06666666666666667,15,sentiment_to_policy,26
policy,0,P0,0.37028104,0.13131313131313133,99,policy_to_sentiment,27
policy,1,P1,0.33931005,0.07692307692307693,52,policy_to_sentiment,27
policy,2,P2,0.3456012,0.030303030303030304,33,policy_to_sentiment,27
policy,3,P3,0.29621115,0.024390243902439025,82,policy_to_sentiment,27
policy,4,P4,0.36496642,0.125,48,policy_to_sentiment,27
policy,5,P5,0.35635445,0.07207207207207207,111,policy_to_sentiment,27
policy,6,P6,0.3645038,0.08661417322834646,127,policy_to_sentiment,27
policy,7,P7,0.3474018,0.10743801652892562,121,policy_to_sentiment,27
policy,8,P8,0.37973416,0.19318181818181818,88,policy_to_sentiment,27
sentiment,0,S0,0.38019,0.17391304347826086,69,sentiment_to_policy,27
sentiment,1,S1,0.35920012,0.08695652173913043,138,sentiment_to_policy,27
sentiment,2,S2,0.41656074,0.08163265306122448,49,sentiment_to_policy,27
sentiment,3,S3,0.33851963,0.07727272727272727,220,sentiment_to_policy,27
sentiment,4,S4,0.35475287,0.0673076923076923,104,sentiment_to_policy,27
sentiment,5,S5,0.3578825,0.08641975308641975,81,sentiment_to_policy,27
sentiment,6,S6,0.39944673,0.21739130434782608,46,sentiment_to_policy,27
sentiment,7,S7,0.4315232,0.358974358974359,39,sentiment_to_policy,27
sentiment,8,S8,0.39809832,0.06666666666666667,15,sentiment_to_policy,27
policy,0,P0,0.3764591,0.13761467889908258,109,policy_to_sentiment,28
policy,1,P1,0.3544112,0.07692307692307693,65,policy_to_sentiment,28
policy,2,P2,0.32790846,0.03225806451612903,31,policy_to_sentiment,28
policy,3,P3,0.30554584,0.03488372093023256,86,policy_to_sentiment,28
policy,4,P4,0.37358624,0.07547169811320754,53,policy_to_sentiment,28
policy,5,P5,0.36064845,0.0975609756097561,82,policy_to_sentiment,28
policy,6,P6,0.37341923,0.12213740458015267,131,policy_to_sentiment,28
policy,7,P7,0.32694387,0.08547008547008547,117,policy_to_sentiment,28
policy,8,P8,0.41253886,0.22988505747126436,87,policy_to_sentiment,28
sentiment,0,S0,0.3803452,0.15942028985507245,69,sentiment_to_policy,28
sentiment,1,S1,0.361666,0.07971014492753623,138,sentiment_to_policy,28
sentiment,2,S2,0.41378978,0.08163265306122448,49,sentiment_to_policy,28
sentiment,3,S3,0.33885568,0.1,220,sentiment_to_policy,28
sentiment,4,S4,0.3543299,0.057692307692307696,104,sentiment_to_policy,28
sentiment,5,S5,0.36469615,0.1111111111111111,81,sentiment_to_policy,28
sentiment,6,S6,0.40567198,0.17391304347826086,46,sentiment_to_policy,28
sentiment,7,S7,0.43465075,0.41025641025641024,39,sentiment_to_policy,28
sentiment,8,S8,0.4062409,0.06666666666666667,15,sentiment_to_policy,28
policy,0,P0,0.36724034,0.13043478260869565,115,policy_to_sentiment,29
policy,1,P1,0.38709942,0.18181818181818182,55,policy_to_sentiment,29
policy,2,P2,0.36106536,0.05555555555555555,36,policy_to_sentiment,29
policy,3,P3,0.32339796,0.028846153846153848,104,policy_to_sentiment,29
policy,4,P4,0.38721082,0.10204081632653061,49,policy_to_sentiment,29
policy,5,P5,0.36339852,0.07216494845360824,97,policy_to_sentiment,29
policy,6,P6,0.35707116,0.11023622047244094,127,policy_to_sentiment,29
policy,7,P7,0.34171808,0.08,100,policy_to_sentiment,29
policy,8,P8,0.41490847,0.2948717948717949,78,policy_to_sentiment,29
sentiment,0,S0,0.38321602,0.15942028985507245,69,sentiment_to_policy,29
sentiment,1,S1,0.36150265,0.07971014492753623,138,sentiment_to_policy,29
sentiment,2,S2,0.42225567,0.10204081632653061,49,sentiment_to_policy,29
sentiment,3,S3,0.34579748,0.08636363636363636,220,sentiment_to_policy,29
sentiment,4,S4,0.3552761,0.0673076923076923,104,sentiment_to_policy,29
sentiment,5,S5,0.36699337,0.12345679012345678,81,sentiment_to_policy,29
sentiment,6,S6,0.39679307,0.15217391304347827,46,sentiment_to_policy,29
sentiment,7,S7,0.4382573,0.3333333333333333,39,sentiment_to_policy,29
sentiment,8,S8,0.38897198,0.0,15,sentiment_to_policy,29
policy,0,P0,0.36749864,0.0625,112,policy_to_sentiment,30
policy,1,P1,0.38150173,0.1864406779661017,59,policy_to_sentiment,30
policy,2,P2,0.35288957,0.030303030303030304,33,policy_to_sentiment,30
policy,3,P3,0.30904204,0.010752688172043012,93,policy_to_sentiment,30
policy,4,P4,0.363518,0.04081632653061224,49,policy_to_sentiment,30
policy,5,P5,0.35457575,0.07407407407407407,108,policy_to_sentiment,30
policy,6,P6,0.3627587,0.09243697478991597,119,policy_to_sentiment,30
policy,7,P7,0.33596188,0.08035714285714286,112,policy_to_sentiment,30
policy,8,P8,0.39444998,0.15789473684210525,76,policy_to_sentiment,30
sentiment,0,S0,0.38434657,0.17391304347826086,69,sentiment_to_policy,30
sentiment,1,S1,0.35817495,0.07971014492753623,138,sentiment_to_policy,30
sentiment,2,S2,0.41052195,0.04081632653061224,49,sentiment_to_policy,30
sentiment,3,S3,0.33653054,0.06818181818181818,220,sentiment_to_policy,30
sentiment,4,S4,0.3569924,0.08653846153846154,104,sentiment_to_policy,30
sentiment,5,S5,0.36497438,0.14814814814814814,81,sentiment_to_policy,30
sentiment,6,S6,0.4052219,0.2608695652173913,46,sentiment_to_policy,30
sentiment,7,S7,0.43705085,0.358974358974359,39,sentiment_to_policy,30
sentiment,8,S8,0.41074792,0.06666666666666667,15,sentiment_to_policy,30
policy,0,P0,0.3776261,0.13709677419354838,124,policy_to_sentiment,31
policy,1,P1,0.3482981,0.05555555555555555,54,policy_to_sentiment,31
policy,2,P2,0.3435779,0.10810810810810811,37,policy_to_sentiment,31
policy,3,P3,0.30223244,0.009900990099009901,101,policy_to_sentiment,31
policy,4,P4,0.3605074,0.05405405405405406,37,policy_to_sentiment,31
policy,5,P5,0.3577606,0.038461538461538464,78,policy_to_sentiment,31
policy,6,P6,0.36179134,0.11363636363636363,132,policy_to_sentiment,31
policy,7,P7,0.32656896,0.061946902654867256,113,policy_to_sentiment,31
policy,8,P8,0.40513113,0.25882352941176473,85,policy_to_sentiment,31
sentiment,0,S0,0.382143,0.15942028985507245,69,sentiment_to_policy,31
sentiment,1,S1,0.3643204,0.08695652173913043,138,sentiment_to_policy,31
sentiment,2,S2,0.42231306,0.12244897959183673,49,sentiment_to_policy,31
sentiment,3,S3,0.3402398,0.09090909090909091,220,sentiment_to_policy,31
sentiment,4,S4,0.35824382,0.08653846153846154,104,sentiment_to_policy,31
sentiment,5,S5,0.3685791,0.13580246913580246,81,sentiment_to_policy,31
sentiment,6,S6,0.39740446,0.1956521739130435,46,sentiment_to_policy,31
sentiment,7,S7,0.4354967,0.358974358974359,39,sentiment_to_policy,31
sentiment,8,S8,0.39737803,0.06666666666666667,15,sentiment_to_policy,31
policy,0,P0,0.38307157,0.12686567164179105,134,policy_to_sentiment,32
policy,1,P1,0.35391706,0.07407407407407407,54,policy_to_sentiment,32
policy,2,P2,0.38410294,0.14285714285714285,35,policy_to_sentiment,32
policy,3,P3,0.3040732,0.02247191011235955,89,policy_to_sentiment,32
policy,4,P4,0.3812704,0.14705882352941177,34,policy_to_sentiment,32
policy,5,P5,0.37149408,0.13541666666666666,96,policy_to_sentiment,32
policy,6,P6,0.37848917,0.16129032258064516,124,policy_to_sentiment,32
policy,7,P7,0.34486413,0.08333333333333333,108,policy_to_sentiment,32
policy,8,P8,0.39228293,0.1839080459770115,87,policy_to_sentiment,32
sentiment,0,S0,0.3828745,0.18840579710144928,69,sentiment_to_policy,32
sentiment,1,S1,0.3508778,0.08695652173913043,138,sentiment_to_policy,32
sentiment,2,S2,0.41487423,0.14285714285714285,49,sentiment_to_policy,32
sentiment,3,S3,0.33983257,0.09545454545454546,220,sentiment_to_policy,32
sentiment,4,S4,0.3583654,0.07692307692307693,104,sentiment_to_policy,32
sentiment,5,S5,0.36030194,0.1111111111111111,81,sentiment_to_policy,32
sentiment,6,S6,0.40503258,0.2826086956521739,46,sentiment_to_policy,32
sentiment,7,S7,0.4386003,0.358974358974359,39,sentiment_to_policy,32
sentiment,8,S8,0.39790472,0.06666666666666667,15,sentiment_to_policy,32
policy,0,P0,0.37694606,0.12149532710280374,107,policy_to_sentiment,33
policy,1,P1,0.3807666,0.15254237288135594,59,policy_to_sentiment,33
policy,2,P2,0.35530102,0.08333333333333333,36,policy_to_sentiment,33
policy,3,P3,0.31067857,0.0,105,policy_to_sentiment,33
policy,4,P4,0.38106823,0.10869565217391304,46,policy_to_sentiment,33
policy,5,P5,0.36437592,0.0673076923076923,104,policy_to_sentiment,33
policy,6,P6,0.3679352,0.10655737704918032,122,policy_to_sentiment,33
policy,7,P7,0.34238583,0.09009009009009009,111,policy_to_sentiment,33
policy,8,P8,0.40248266,0.19718309859154928,71,policy_to_sentiment,33
sentiment,0,S0,0.38101116,0.17391304347826086,69,sentiment_to_policy,33
sentiment,1,S1,0.35928696,0.10144927536231885,138,sentiment_to_policy,33
sentiment,2,S2,0.41731665,0.061224489795918366,49,sentiment_to_policy,33
sentiment,3,S3,0.33953893,0.07727272727272727,220,sentiment_to_policy,33
sentiment,4,S4,0.35823345,0.057692307692307696,104,sentiment_to_policy,33
sentiment,5,S5,0.36885712,0.1111111111111111,81,sentiment_to_policy,33
sentiment,6,S6,0.40849233,0.21739130434782608,46,sentiment_to_policy,33
sentiment,7,S7,0.43361527,0.3333333333333333,39,sentiment_to_policy,33
sentiment,8,S8,0.40192947,0.06666666666666667,15,sentiment_to_policy,33
policy,0,P0,0.3833657,0.11214953271028037,107,policy_to_sentiment,34
policy,1,P1,0.36829552,0.14545454545454545,55,policy_to_sentiment,34
policy,2,P2,0.372057,0.10810810810810811,37,policy_to_sentiment,34
policy,3,P3,0.31196356,0.01904761904761905,105,policy_to_sentiment,34
policy,4,P4,0.37713915,0.1,40,policy_to_sentiment,34
policy,5,P5,0.36273187,0.07766990291262135,103,policy_to_sentiment,34
policy,6,P6,0.36599013,0.112,125,policy_to_sentiment,34
policy,7,P7,0.33744323,0.056074766355140186,107,policy_to_sentiment,34
policy,8,P8,0.39936772,0.2073170731707317,82,policy_to_sentiment,34
sentiment,0,S0,0.3833653,0.18840579710144928,69,sentiment_to_policy,34
sentiment,1,S1,0.36379665,0.08695652173913043,138,sentiment_to_policy,34
sentiment,2,S2,0.41052216,0.061224489795918366,49,sentiment_to_policy,34
sentiment,3,S3,0.33807293,0.05909090909090909,220,sentiment_to_policy,34
sentiment,4,S4,0.35672855,0.0673076923076923,104,sentiment_to_policy,34
sentiment,5,S5,0.3609351,0.09876543209876543,81,sentiment_to_policy,34
sentiment,6,S6,0.40203494,0.2391304347826087,46,sentiment_to_policy,34
sentiment,7,S7,0.43551466,0.358974358974359,39,sentiment_to_policy,34
sentiment,8,S8,0.38239366,0.06666666666666667,15,sentiment_to_policy,34
policy,0,P0,0.38046253,0.1271186440677966,118,policy_to_sentiment,35
policy,1,P1,0.36301103,0.14285714285714285,49,policy_to_sentiment,35
policy,2,P2,0.35972646,0.07317073170731707,41,policy_to_sentiment,35
policy,3,P3,0.31236774,0.009615384615384616,104,policy_to_sentiment,35
policy,4,P4,0.37161964,0.1111111111111111,45,policy_to_sentiment,35
policy,5,P5,0.36036026,0.0967741935483871,93,policy_to_sentiment,35
policy,6,P6,0.37758115,0.1417910447761194,134,policy_to_sentiment,35
policy,7,P7,0.33302227,0.09375,96,policy_to_sentiment,35
policy,8,P8,0.4066689,0.24691358024691357,81,policy_to_sentiment,35
sentiment,0,S0,0.38094845,0.15942028985507245,69,sentiment_to_policy,35
sentiment,1,S1,0.36138177,0.10869565217391304,138,sentiment_to_policy,35
sentiment,2,S2,0.40856028,0.061224489795918366,49,sentiment_to_policy,35
sentiment,3,S3,0.3373221,0.07272727272727272,220,sentiment_to_policy,35
sentiment,4,S4,0.3572985,0.07692307692307693,104,sentiment_to_policy,35
sentiment,5,S5,0.35858142,0.08641975308641975,81,sentiment_to_policy,35
sentiment,6,S6,0.40937734,0.2391304347826087,46,sentiment_to_policy,35
sentiment,7,S7,0.4384729,0.38461538461538464,39,sentiment_to_policy,35
sentiment,8,S8,0.4029577,0.2,15,sentiment_to_policy,35
policy,0,P0,0.36875683,0.11016949152542373,118,policy_to_sentiment,36
policy,1,P1,0.35817266,0.15789473684210525,57,policy_to_sentiment,36
policy,2,P2,0.3592616,0.08333333333333333,36,policy_to_sentiment,36
policy,3,P3,0.30795118,0.009259259259259259,108,policy_to_sentiment,36
policy,4,P4,0.36103624,0.05714285714285714,35,policy_to_sentiment,36
policy,5,P5,0.35905048,0.05194805194805195,77,policy_to_sentiment,36
policy,6,P6,0.36184177,0.13533834586466165,133,policy_to_sentiment,36
policy,7,P7,0.35841033,0.13392857142857142,112,policy_to_sentiment,36
policy,8,P8,0.40333444,0.2,85,policy_to_sentiment,36
sentiment,0,S0,0.38787276,0.15942028985507245,69,sentiment_to_policy,36
sentiment,1,S1,0.36228177,0.07971014492753623,138,sentiment_to_policy,36
sentiment,2,S2,0.41655576,0.061224489795918366,49,sentiment_to_policy,36
sentiment,3,S3,0.34235367,0.07272727272727272,220,sentiment_to_policy,36
sentiment,4,S4,0.3617918,0.0673076923076923,104,sentiment_to_policy,36
sentiment,5,S5,0.37114823,0.13580246913580246,81,sentiment_to_policy,36
sentiment,6,S6,0.40442604,0.21739130434782608,46,sentiment_to_policy,36
sentiment,7,S7,0.43892387,0.38461538461538464,39,sentiment_to_policy,36
sentiment,8,S8,0.39779615,0.06666666666666667,15,sentiment_to_policy,36
policy,0,P0,0.3682119,0.1111111111111111,108,policy_to_sentiment,37
policy,1,P1,0.35678256,0.17307692307692307,52,policy_to_sentiment,37
policy,2,P2,0.36424497,0.03125,32,policy_to_sentiment,37
policy,3,P3,0.31412527,0.010638297872340425,94,policy_to_sentiment,37
policy,4,P4,0.37067488,0.09615384615384616,52,policy_to_sentiment,37
policy,5,P5,0.36311847,0.10679611650485436,103,policy_to_sentiment,37
policy,6,P6,0.3569583,0.05128205128205128,117,policy_to_sentiment,37
policy,7,P7,0.33071706,0.07142857142857142,112,policy_to_sentiment,37
policy,8,P8,0.4145575,0.24175824175824176,91,policy_to_sentiment,37
sentiment,0,S0,0.38386634,0.18840579710144928,69,sentiment_to_policy,37
sentiment,1,S1,0.35864335,0.09420289855072464,138,sentiment_to_policy,37
sentiment,2,S2,0.4081089,0.08163265306122448,49,sentiment_to_policy,37
sentiment,3,S3,0.33735463,0.07272727272727272,220,sentiment_to_policy,37
sentiment,4,S4,0.36120158,0.08653846153846154,104,sentiment_to_policy,37
sentiment,5,S5,0.36122757,0.09876543209876543,81,sentiment_to_policy,37
sentiment,6,S6,0.40217686,0.17391304347826086,46,sentiment_to_policy,37
sentiment,7,S7,0.43937615,0.358974358974359,39,sentiment_to_policy,37
sentiment,8,S8,0.4107919,0.06666666666666667,15,sentiment_to_policy,37
policy,0,P0,0.36760718,0.06666666666666667,120,policy_to_sentiment,38
policy,1,P1,0.3623966,0.11320754716981132,53,policy_to_sentiment,38
policy,2,P2,0.35656503,0.2,35,policy_to_sentiment,38
policy,3,P3,0.3083942,0.03529411764705882,85,policy_to_sentiment,38
policy,4,P4,0.37098157,0.11428571428571428,35,policy_to_sentiment,38
policy,5,P5,0.37177578,0.12871287128712872,101,policy_to_sentiment,38
policy,6,P6,0.3651237,0.11538461538461539,130,policy_to_sentiment,38
policy,7,P7,0.34588456,0.07751937984496124,129,policy_to_sentiment,38
policy,8,P8,0.3960416,0.2328767123287671,73,policy_to_sentiment,38
sentiment,0,S0,0.38746625,0.17391304347826086,69,sentiment_to_policy,38
sentiment,1,S1,0.36694235,0.08695652173913043,138,sentiment_to_policy,38
sentiment,2,S2,0.41986334,0.08163265306122448,49,sentiment_to_policy,38
sentiment,3,S3,0.34081993,0.07272727272727272,220,sentiment_to_policy,38
sentiment,4,S4,0.35555315,0.057692307692307696,104,sentiment_to_policy,38
sentiment,5,S5,0.35986894,0.1111111111111111,81,sentiment_to_policy,38
sentiment,6,S6,0.40645367,0.2391304347826087,46,sentiment_to_policy,38
sentiment,7,S7,0.43077028,0.358974358974359,39,sentiment_to_policy,38
sentiment,8,S8,0.38405186,0.06666666666666667,15,sentiment_to_policy,38
policy,0,P0,0.38824978,0.1834862385321101,109,policy_to_sentiment,39
policy,1,P1,0.3511631,0.06,50,policy_to_sentiment,39
policy,2,P2,0.3390229,0.03225806451612903,31,policy_to_sentiment,39
policy,3,P3,0.30297467,0.011111111111111112,90,policy_to_sentiment,39
policy,4,P4,0.3616329,0.1,50,policy_to_sentiment,39
policy,5,P5,0.36100438,0.1,100,policy_to_sentiment,39
policy,6,P6,0.3559396,0.11688311688311688,154,policy_to_sentiment,39
policy,7,P7,0.3506446,0.1134020618556701,97,policy_to_sentiment,39
policy,8,P8,0.40979666,0.25,80,policy_to_sentiment,39
sentiment,0,S0,0.39225045,0.21739130434782608,69,sentiment_to_policy,39
sentiment,1,S1,0.36238477,0.09420289855072464,138,sentiment_to_policy,39
sentiment,2,S2,0.4171107,0.08163265306122448,49,sentiment_to_policy,39
sentiment,3,S3,0.3394521,0.07727272727272727,220,sentiment_to_policy,39
sentiment,4,S4,0.36004525,0.057692307692307696,104,sentiment_to_policy,39
sentiment,5,S5,0.36380488,0.1111111111111111,81,sentiment_to_policy,39
sentiment,6,S6,0.4099577,0.2391304347826087,46,sentiment_to_policy,39
sentiment,7,S7,0.44156668,0.358974358974359,39,sentiment_to_policy,39
sentiment,8,S8,0.39204052,0.06666666666666667,15,sentiment_to_policy,39
policy,0,P0,0.37322828,0.11811023622047244,127,policy_to_sentiment,40
policy,1,P1,0.3816198,0.21568627450980393,51,policy_to_sentiment,40
policy,2,P2,0.35475573,0.08695652173913043,46,policy_to_sentiment,40
policy,3,P3,0.3137852,0.030612244897959183,98,policy_to_sentiment,40
policy,4,P4,0.39786622,0.15217391304347827,46,policy_to_sentiment,40
policy,5,P5,0.3505863,0.031578947368421054,95,policy_to_sentiment,40
policy,6,P6,0.34798613,0.07017543859649122,114,policy_to_sentiment,40
policy,7,P7,0.3205727,0.08080808080808081,99,policy_to_sentiment,40
policy,8,P8,0.405066,0.25882352941176473,85,policy_to_sentiment,40
sentiment,0,S0,0.3832303,0.18840579710144928,69,sentiment_to_policy,40
sentiment,1,S1,0.35936555,0.08695652173913043,138,sentiment_to_policy,40
sentiment,2,S2,0.4067322,0.04081632653061224,49,sentiment_to_policy,40
sentiment,3,S3,0.34286168,0.06818181818181818,220,sentiment_to_policy,40
sentiment,4,S4,0.35557133,0.057692307692307696,104,sentiment_to_policy,40
sentiment,5,S5,0.3616751,0.09876543209876543,81,sentiment_to_policy,40
sentiment,6,S6,0.40064862,0.15217391304347827,46,sentiment_to_policy,40
sentiment,7,S7,0.4425183,0.358974358974359,39,sentiment_to_policy,40
sentiment,8,S8,0.40032786,0.06666666666666667,15,sentiment_to_policy,40
policy,0,P0,0.38617182,0.15315315315315314,111,policy_to_sentiment,41
policy,1,P1,0.36880672,0.10526315789473684,57,policy_to_sentiment,41
policy,2,P2,0.3686079,0.175,40,policy_to_sentiment,41
policy,3,P3,0.30695975,0.0,89,policy_to_sentiment,41
policy,4,P4,0.36829183,0.13043478260869565,46,policy_to_sentiment,41
policy,5,P5,0.36320186,0.06481481481481481,108,policy_to_sentiment,41
policy,6,P6,0.37317914,0.18309859154929578,142,policy_to_sentiment,41
policy,7,P7,0.33493143,0.06451612903225806,93,policy_to_sentiment,41
policy,8,P8,0.38367632,0.18666666666666668,75,policy_to_sentiment,41
sentiment,0,S0,0.38687566,0.15942028985507245,69,sentiment_to_policy,41
sentiment,1,S1,0.3588352,0.08695652173913043,138,sentiment_to_policy,41
sentiment,2,S2,0.41654754,0.061224489795918366,49,sentiment_to_policy,41
sentiment,3,S3,0.34003788,0.07727272727272727,220,sentiment_to_policy,41
sentiment,4,S4,0.35764298,0.0673076923076923,104,sentiment_to_policy,41
sentiment,5,S5,0.36217278,0.12345679012345678,81,sentiment_to_policy,41
sentiment,6,S6,0.39543703,0.15217391304347827,46,sentiment_to_policy,41
sentiment,7,S7,0.4296158,0.3333333333333333,39,sentiment_to_policy,41
sentiment,8,S8,0.40092218,0.13333333333333333,15,sentiment_to_policy,41
policy,0,P0,0.38275784,0.14634146341463414,123,policy_to_sentiment,42
policy,1,P1,0.36059624,0.1509433962264151,53,policy_to_sentiment,42
policy,2,P2,0.37111694,0.15384615384615385,39,policy_to_sentiment,42
policy,3,P3,0.30524203,0.010526315789473684,95,policy_to_sentiment,42
policy,4,P4,0.35926992,0.05714285714285714,35,policy_to_sentiment,42
policy,5,P5,0.3650454,0.09375,96,policy_to_sentiment,42
policy,6,P6,0.36788934,0.1328125,128,policy_to_sentiment,42
policy,7,P7,0.32117644,0.06306306306306306,111,policy_to_sentiment,42
policy,8,P8,0.37925658,0.14814814814814814,81,policy_to_sentiment,42
sentiment,0,S0,0.3828491,0.2028985507246377,69,sentiment_to_policy,42
sentiment,1,S1,0.3549299,0.09420289855072464,138,sentiment_to_policy,42
sentiment,2,S2,0.41566834,0.061224489795918366,49,sentiment_to_policy,42
sentiment,3,S3,0.338882,0.09090909090909091,220,sentiment_to_policy,42
sentiment,4,S4,0.3558411,0.04807692307692308,104,sentiment_to_policy,42
sentiment,5,S5,0.36307204,0.12345679012345678,81,sentiment_to_policy,42
sentiment,6,S6,0.40294364,0.21739130434782608,46,sentiment_to_policy,42
sentiment,7,S7,0.44290766,0.38461538461538464,39,sentiment_to_policy,42
sentiment,8,S8,0.389736,0.06666666666666667,15,sentiment_to_policy,42
policy,0,P0,0.37523985,0.11538461538461539,130,policy_to_sentiment,43
policy,1,P1,0.35936028,0.13725490196078433,51,policy_to_sentiment,43
policy,2,P2,0.35750464,0.11627906976744186,43,policy_to_sentiment,43
policy,3,P3,0.30782813,0.0,92,policy_to_sentiment,43
policy,4,P4,0.39026567,0.1891891891891892,37,policy_to_sentiment,43
policy,5,P5,0.35713658,0.07368421052631578,95,policy_to_sentiment,43
policy,6,P6,0.3609304,0.11290322580645161,124,policy_to_sentiment,43
policy,7,P7,0.33900452,0.10714285714285714,112,policy_to_sentiment,43
policy,8,P8,0.39357868,0.22077922077922077,77,policy_to_sentiment,43
sentiment,0,S0,0.38339138,0.14492753623188406,69,sentiment_to_policy,43
sentiment,1,S1,0.36213362,0.08695652173913043,138,sentiment_to_policy,43
sentiment,2,S2,0.43476167,0.14285714285714285,49,sentiment_to_policy,43
sentiment,3,S3,0.34301463,0.08636363636363636,220,sentiment_to_policy,43
sentiment,4,S4,0.36004585,0.057692307692307696,104,sentiment_to_policy,43
sentiment,5,S5,0.36413056,0.1111111111111111,81,sentiment_to_policy,43
sentiment,6,S6,0.39800632,0.17391304347826086,46,sentiment_to_policy,43
sentiment,7,S7,0.4408268,0.38461538461538464,39,sentiment_to_policy,43
sentiment,8,S8,0.4027524,0.13333333333333333,15,sentiment_to_policy,43
policy,0,P0,0.3783706,0.12844036697247707,109,policy_to_sentiment,44
policy,1,P1,0.36750275,0.16666666666666666,54,policy_to_sentiment,44
policy,2,P2,0.35372624,0.029411764705882353,34,policy_to_sentiment,44
policy,3,P3,0.30822238,0.02912621359223301,103,policy_to_sentiment,44
policy,4,P4,0.3659875,0.09523809523809523,42,policy_to_sentiment,44
policy,5,P5,0.35717288,0.10465116279069768,86,policy_to_sentiment,44
policy,6,P6,0.37968874,0.19285714285714287,140,policy_to_sentiment,44
policy,7,P7,0.32624254,0.06666666666666667,105,policy_to_sentiment,44
policy,8,P8,0.389722,0.22727272727272727,88,policy_to_sentiment,44
sentiment,0,S0,0.3794615,0.18840579710144928,69,sentiment_to_policy,44
sentiment,1,S1,0.36071023,0.10144927536231885,138,sentiment_to_policy,44
sentiment,2,S2,0.41973066,0.12244897959183673,49,sentiment_to_policy,44
sentiment,3,S3,0.33539537,0.07272727272727272,220,sentiment_to_policy,44
sentiment,4,S4,0.35348618,0.057692307692307696,104,sentiment_to_policy,44
sentiment,5,S5,0.36595416,0.12345679012345678,81,sentiment_to_policy,44
sentiment,6,S6,0.39850512,0.2391304347826087,46,sentiment_to_policy,44
sentiment,7,S7,0.43754637,0.358974358974359,39,sentiment_to_policy,44
sentiment,8,S8,0.39115962,0.06666666666666667,15,sentiment_to_policy,44
policy,0,P0,0.37354562,0.16806722689075632,119,policy_to_sentiment,45
policy,1,P1,0.3777681,0.13725490196078433,51,policy_to_sentiment,45
policy,2,P2,0.35652974,0.058823529411764705,34,policy_to_sentiment,45
policy,3,P3,0.31993964,0.024793388429752067,121,policy_to_sentiment,45
policy,4,P4,0.3770769,0.1282051282051282,39,policy_to_sentiment,45
policy,5,P5,0.37071905,0.08823529411764706,102,policy_to_sentiment,45
policy,6,P6,0.3585134,0.12781954887218044,133,policy_to_sentiment,45
policy,7,P7,0.34698248,0.11764705882352941,85,policy_to_sentiment,45
policy,8,P8,0.3871305,0.22077922077922077,77,policy_to_sentiment,45
sentiment,0,S0,0.3829689,0.15942028985507245,69,sentiment_to_policy,45
sentiment,1,S1,0.3608944,0.07971014492753623,138,sentiment_to_policy,45
sentiment,2,S2,0.40951267,0.04081632653061224,49,sentiment_to_policy,45
sentiment,3,S3,0.3396212,0.06818181818181818,220,sentiment_to_policy,45
sentiment,4,S4,0.35974577,0.08653846153846154,104,sentiment_to_policy,45
sentiment,5,S5,0.36448917,0.12345679012345678,81,sentiment_to_policy,45
sentiment,6,S6,0.40400994,0.17391304347826086,46,sentiment_to_policy,45
sentiment,7,S7,0.44238573,0.358974358974359,39,sentiment_to_policy,45
sentiment,8,S8,0.39172667,0.06666666666666667,15,sentiment_to_policy,45
policy,0,P0,0.36995262,0.11504424778761062,113,policy_to_sentiment,46
policy,1,P1,0.36322793,0.10869565217391304,46,policy_to_sentiment,46
policy,2,P2,0.36326772,0.16666666666666666,36,policy_to_sentiment,46
policy,3,P3,0.30424368,0.03125,96,policy_to_sentiment,46
policy,4,P4,0.36063173,0.1111111111111111,45,policy_to_sentiment,46
policy,5,P5,0.36352816,0.06542056074766354,107,policy_to_sentiment,46
policy,6,P6,0.37534434,0.12949640287769784,139,policy_to_sentiment,46
policy,7,P7,0.35356617,0.10476190476190476,105,policy_to_sentiment,46
policy,8,P8,0.38276196,0.16216216216216217,74,policy_to_sentiment,46
sentiment,0,S0,0.385906,0.17391304347826086,69,sentiment_to_policy,46
sentiment,1,S1,0.36644915,0.10869565217391304,138,sentiment_to_policy,46
sentiment,2,S2,0.4255257,0.08163265306122448,49,sentiment_to_policy,46
sentiment,3,S3,0.34142467,0.07727272727272727,220,sentiment_to_policy,46
sentiment,4,S4,0.35883933,0.057692307692307696,104,sentiment_to_policy,46
sentiment,5,S5,0.3667916,0.13580246913580246,81,sentiment_to_policy,46
sentiment,6,S6,0.40625426,0.1956521739130435,46,sentiment_to_policy,46
sentiment,7,S7,0.44652715,0.358974358974359,39,sentiment_to_policy,46
sentiment,8,S8,0.40403923,0.0,15,sentiment_to_policy,46
policy,0,P0,0.36908707,0.09009009009009009,111,policy_to_sentiment,47
policy,1,P1,0.3746738,0.21052631578947367,57,policy_to_sentiment,47
policy,2,P2,0.35725802,0.05405405405405406,37,policy_to_sentiment,47
policy,3,P3,0.3031983,0.009900990099009901,101,policy_to_sentiment,47
policy,4,P4,0.37773338,0.10909090909090909,55,policy_to_sentiment,47
policy,5,P5,0.3671742,0.08433734939759036,83,policy_to_sentiment,47
policy,6,P6,0.36429936,0.1417910447761194,134,policy_to_sentiment,47
policy,7,P7,0.3346024,0.07407407407407407,108,policy_to_sentiment,47
policy,8,P8,0.4067651,0.24,75,policy_to_sentiment,47
sentiment,0,S0,0.38573086,0.15942028985507245,69,sentiment_to_policy,47
sentiment,1,S1,0.36574608,0.08695652173913043,138,sentiment_to_policy,47
sentiment,2,S2,0.4205267,0.061224489795918366,49,sentiment_to_policy,47
sentiment,3,S3,0.339232,0.07272727272727272,220,sentiment_to_policy,47
sentiment,4,S4,0.35496745,0.057692307692307696,104,sentiment_to_policy,47
sentiment,5,S5,0.36305943,0.09876543209876543,81,sentiment_to_policy,47
sentiment,6,S6,0.40345216,0.2608695652173913,46,sentiment_to_policy,47
sentiment,7,S7,0.44050866,0.38461538461538464,39,sentiment_to_policy,47
sentiment,8,S8,0.39316893,0.06666666666666667,15,sentiment_to_policy,47
policy,0,P0,0.38062027,0.14728682170542637,129,policy_to_sentiment,48
policy,1,P1,0.35866544,0.16666666666666666,48,policy_to_sentiment,48
policy,2,P2,0.35132948,0.05714285714285714,35,policy_to_sentiment,48
policy,3,P3,0.30864128,0.03125,96,policy_to_sentiment,48
policy,4,P4,0.35942894,0.08333333333333333,36,policy_to_sentiment,48
policy,5,P5,0.3625913,0.08791208791208792,91,policy_to_sentiment,48
policy,6,P6,0.34400025,0.0547945205479452,146,policy_to_sentiment,48
policy,7,P7,0.34529075,0.11764705882352941,102,policy_to_sentiment,48
policy,8,P8,0.40186968,0.24358974358974358,78,policy_to_sentiment,48
sentiment,0,S0,0.3816238,0.14492753623188406,69,sentiment_to_policy,48
sentiment,1,S1,0.36381397,0.09420289855072464,138,sentiment_to_policy,48
sentiment,2,S2,0.41753688,0.08163265306122448,49,sentiment_to_policy,48
sentiment,3,S3,0.34667382,0.07272727272727272,220,sentiment_to_policy,48
sentiment,4,S4,0.35939693,0.0673076923076923,104,sentiment_to_policy,48
sentiment,5,S5,0.36675698,0.1111111111111111,81,sentiment_to_policy,48
sentiment,6,S6,0.40564534,0.2608695652173913,46,sentiment_to_policy,48
sentiment,7,S7,0.4360572,0.3333333333333333,39,sentiment_to_policy,48
sentiment,8,S8,0.40048906,0.06666666666666667,15,sentiment_to_policy,48
policy,0,P0,0.37344137,0.13157894736842105,114,policy_to_sentiment,49
policy,1,P1,0.3857291,0.19672131147540983,61,policy_to_sentiment,49
policy,2,P2,0.3352747,0.0625,32,policy_to_sentiment,49
policy,3,P3,0.30811772,0.0449438202247191,89,policy_to_sentiment,49
policy,4,P4,0.3717543,0.08333333333333333,36,policy_to_sentiment,49
policy,5,P5,0.35961255,0.0970873786407767,103,policy_to_sentiment,49
policy,6,P6,0.35932958,0.10852713178294573,129,policy_to_sentiment,49
policy,7,P7,0.34999552,0.10377358490566038,106,policy_to_sentiment,49
policy,8,P8,0.3731816,0.17582417582417584,91,policy_to_sentiment,49
sentiment,0,S0,0.3829417,0.18840579710144928,69,sentiment_to_policy,49
sentiment,1,S1,0.3529667,0.07246376811594203,138,sentiment_to_policy,49
sentiment,2,S2,0.40222716,0.04081632653061224,49,sentiment_to_policy,49
sentiment,3,S3,0.33798036,0.06818181818181818,220,sentiment_to_policy,49
sentiment,4,S4,0.3574883,0.0673076923076923,104,sentiment_to_policy,49
sentiment,5,S5,0.36571229,0.13580246913580246,81,sentiment_to_policy,49
sentiment,6,S6,0.4054184,0.21739130434782608,46,sentiment_to_policy,49
sentiment,7,S7,0.43706337,0.3333333333333333,39,sentiment_to_policy,49
sentiment,8,S8,0.40022513,0.06666666666666667,15,sentiment_to_policy,49
