direction,source_claim_id,source_chunk_id,source_doc_id,source_country,source_topic_space,source_topic,source_topic_code,source_relation_type,source_claim,source_excerpt,matched_claim_id,matched_chunk_id,matched_topic_space,matched_topic,matched_topic_code,matched_claim,matched_excerpt,top1_similarity,topk_mean_similarity,coverage_deficit,embedding_method,below_calibrated_threshold,coverage_threshold,threshold_method,within_topic_rank
policy_to_sentiment,policy_claim_00714,policy_ai_competency_framework_for_teachers_chunk_0007,policy_ai_competency_framework_for_teachers,other,policy,8,P8,enables_or_supports,"Fideliz Apilado, Laicia Gagnier, Samuel Grimonprez, Glen Hertelendy, Michela Pagano and Xianglei Zheng from the same Unit also supported the production of the publication.","Fideliz Apilado, Laicia Gagnier, Samuel Grimonprez, Glen Hertelendy, Michela Pagano and Xianglei Zheng from the same Unit also supported the production of the publication.",sentiment_claim_00262,sentiment_original_ai4t_wp3_d3_3_nr_ireland_chunk_0082,sentiment,1,S1,What is encouraging is the high percentage of students who reported using these tools with their teachers who were participating in the AI4T project.,What is encouraging is the high percentage of students who reported using these tools with their teachers who were participating in the AI4T project.,0.24395519495010376,0.2386271208524704,0.7613728791475296,sentence_transformer:sentence-transformers/paraphrase-multilingual-MiniLM-L12-v2,True,0.5118606686592102,pooled_empirical_10th_percentile_provisional,1.0
policy_to_sentiment,policy_claim_03407,policy_men_dne_brochure_ia_2024_uk_web_chunk_0033,policy_men_dne_brochure_ia_2024_uk_web,france,policy,3,P3,reduces_or_prevents,jumping backwards to avoid a sensed obstacle).,jumping backwards to avoid a sensed obstacle).,sentiment_claim_00130,sentiment_original_20251119_les_francais_lia_chunk_0021,sentiment,8,S8,"Dans La fin de l'individu , Gaspard Koenig souligne que l'IA peut progressivement réduire les marges de manœuvre en orientant les choix, en anticipant les comportements et en rendant les alternatives moins visibles.","Dans La fin de l'individu , Gaspard Koenig souligne que l'IA peut progressivement réduire les marges de manœuvre en orientant les choix, en anticipant les comportements et en rendant les alternatives moins visibles.",0.2743438184261322,0.2505577504634857,0.7494422495365143,sentence_transformer:sentence-transformers/paraphrase-multilingual-MiniLM-L12-v2,True,0.5118606686592102,pooled_empirical_10th_percentile_provisional,1.0
policy_to_sentiment,policy_claim_01602,policy_ai_report_us_gov_chunk_0002,policy_ai_report_us_gov,usa,policy,8,P8,enables_or_supports,Contracts and Procurement This document is not intended to provide legal advice or approval of any potential federal contractor's business decision or strategy in relation to any current or future federal procurement and/or contract.,Contracts and Procurement This document is not intended to provide legal advice or approval of any potential federal contractor's business decision or strategy in relation to any current or future federal procurement and/or contract.,sentiment_claim_00094,sentiment_original_051024_insights_into_ai_and_the_youth_sector_chunk_0050,sentiment,3,S3,"This brief analysis does not allow for an in-depth understanding of how advanced the practices are (for example to what extent all technology companies set up such structures, who is part of them, what is the selection procedure of such boards, or even what their role is).","This brief analysis does not allow for an in-depth understanding of how advanced the practices are (for example to what extent all technology companies set up such structures, who is part of them, what is the selection procedure of such boards, or even what their role is).",0.3561549484729767,0.28355416655540466,0.7164458334445953,sentence_transformer:sentence-transformers/paraphrase-multilingual-MiniLM-L12-v2,True,0.5118606686592102,pooled_empirical_10th_percentile_provisional,2.0
sentiment_to_policy,sentiment_claim_00666,sentiment_original_oco_ai_and_us_young_peoples_views_and_understanding_of_artificial_intelligence_chunk_0005,sentiment_original_oco_ai_and_us_young_peoples_views_and_understanding_of_artificial_intelligence,other,sentiment,0,S0,causes_or_increases,The YAP only used these because they found them funny.,The YAP only used these because they found them funny.,policy_claim_01354,policy_ai_in_australian_education_snapshot_principles_policy_and_practice_august_2023_chunk_0092,policy,6,P6,Data minimization Only collect the smallest amount of data you'll need to complete your purposes.,Data minimization Only collect the smallest amount of data you'll need to complete your purposes.,0.322839617729187,0.2872203588485718,0.7127796411514282,sentence_transformer:sentence-transformers/paraphrase-multilingual-MiniLM-L12-v2,True,0.5118606686592102,pooled_empirical_10th_percentile_provisional,1.0
policy_to_sentiment,policy_claim_03351,policy_l_intelligence_artificielle_en_ducation_cadre_d_usage_et_de_confiance_chunk_0019,policy_l_intelligence_artificielle_en_ducation_cadre_d_usage_et_de_confiance,france,policy,2,P2,enables_or_supports,"De plus, pour assurer le refroidissement de ces matériels, il faut une grande quantité d'eau.","De plus, pour assurer le refroidissement de ces matériels, il faut une grande quantité d'eau.",sentiment_claim_00215,sentiment_original_ai4t_wp3_d3_3_nr_ireland_chunk_0048,sentiment,7,S7,It really helped to cement that.,It really helped to cement that.,0.34430012106895447,0.2969389259815216,0.7030610740184784,sentence_transformer:sentence-transformers/paraphrase-multilingual-MiniLM-L12-v2,True,0.5118606686592102,pooled_empirical_10th_percentile_provisional,1.0
sentiment_to_policy,sentiment_claim_00438,sentiment_original_french_digital_society_digital_mediation_professionals_face_the_challenge_of_digital_remoteness_labo_chunk_0004,sentiment_original_french_digital_society_digital_mediation_professionals_face_the_challenge_of_digital_remoteness_labo,france,sentiment,5,S5,causes_or_increases,"However, 20% have to drive 7 minutes or more to get there.","However, 20% have to drive 7 minutes or more to get there.",policy_claim_01742,policy_ai_report_us_gov_chunk_0052,policy,0,P0,"Likewise, mapping a journey used to require a cumbersome study of maps, but now cell phones let us choose among several transportation options to reach a destination.","Likewise, mapping a journey used to require a cumbersome study of maps, but now cell phones let us choose among several transportation options to reach a destination.",0.32633519172668457,0.31441715359687805,0.685582846403122,sentence_transformer:sentence-transformers/paraphrase-multilingual-MiniLM-L12-v2,True,0.5118606686592102,pooled_empirical_10th_percentile_provisional,1.0
policy_to_sentiment,policy_claim_03031,policy_guidetoaiinschools_chunk_0052,policy_guidetoaiinschools,usa,policy,0,P0,requires_or_depends_on,"I don't hate PD wholesale or anything like that, but PD is hard to stomach when your other needs aren't met.","I don't hate PD wholesale or anything like that, but PD is hard to stomach when your other needs aren't met.",sentiment_claim_00121,sentiment_original_20251119_les_francais_lia_chunk_0008,sentiment,8,S8,"Les réserves existent, mais se concentrent sur des sujets plus sensibles : l'inclusion (50 % d'avis positifs contre 32 % négatifs), les modes de consommation (50 % contre 36 %), et, surtout, la lutte contre le changement climatique, pour laquelle seuls 47 % des répondants jugent l'impact du numérique positif, contre 33 % qui l'estiment négatif.","Les réserves existent, mais se concentrent sur des sujets plus sensibles : l'inclusion (50 % d'avis positifs contre 32 % négatifs), les modes de consommation (50 % contre 36 %), et, surtout, la lutte contre le changement climatique, pour laquelle seuls 47 % des répondants jugent l'impact du numérique positif, contre 33 % qui l'estiment négatif.",0.3215080499649048,0.31554433703422546,0.6844556629657745,sentence_transformer:sentence-transformers/paraphrase-multilingual-MiniLM-L12-v2,True,0.5118606686592102,pooled_empirical_10th_percentile_provisional,1.0
policy_to_sentiment,policy_claim_00072,policy_2025_12_16_first_interim_report_en_chunk_0021,policy_2025_12_16_first_interim_report_en,ireland,policy,6,P6,causes_or_increases,…T he bar set by the GDPR has been adopted by other companies and jurisdictions because they do not want to have two products.,…T he bar set by the GDPR has been adopted by other companies and jurisdictions because they do not want to have two products.,sentiment_claim_00094,sentiment_original_051024_insights_into_ai_and_the_youth_sector_chunk_0050,sentiment,3,S3,"This brief analysis does not allow for an in-depth understanding of how advanced the practices are (for example to what extent all technology companies set up such structures, who is part of them, what is the selection procedure of such boards, or even what their role is).","This brief analysis does not allow for an in-depth understanding of how advanced the practices are (for example to what extent all technology companies set up such structures, who is part of them, what is the selection procedure of such boards, or even what their role is).",0.332500159740448,0.3159334063529968,0.6840665936470032,sentence_transformer:sentence-transformers/paraphrase-multilingual-MiniLM-L12-v2,True,0.5118606686592102,pooled_empirical_10th_percentile_provisional,1.0
policy_to_sentiment,policy_claim_00300,policy_ai_cognitive_offloading_and_implications_for_education_chunk_0028,policy_ai_cognitive_offloading_and_implications_for_education,australia,policy,4,P4,enables_or_supports,This is further supported by Iqbal et al.,This is further supported by Iqbal et al.,sentiment_claim_00693,sentiment_original_qqi_generative_artificial_intelligence_survey_report_2025_chunk_0012,sentiment,2,S2,"learners) who might need additional support, and that if it is used transparently, there is no issue.","learners) who might need additional support, and that if it is used transparently, there is no issue.",0.32988524436950684,0.3206368386745453,0.6793631613254547,sentence_transformer:sentence-transformers/paraphrase-multilingual-MiniLM-L12-v2,True,0.5118606686592102,pooled_empirical_10th_percentile_provisional,1.0
sentiment_to_policy,sentiment_claim_00252,sentiment_original_ai4t_wp3_d3_3_nr_ireland_chunk_0071,sentiment_original_ai4t_wp3_d3_3_nr_ireland,ireland,sentiment,7,S7,causes_or_increases,"Indicative comment: 'And then sometimes I utterly know it won't, because I set the temperature in my room.","Indicative comment: 'And then sometimes I utterly know it won't, because I set the temperature in my room.",policy_claim_03070,policy_guidetoaiinschools_chunk_0078,policy,0,P0,"But she chose not to because 'Especially in situations where it' s a test, I am not going to learn from what I'm doing in that moment.","But she chose not to because 'Especially in situations where it' s a test, I am not going to learn from what I'm doing in that moment.",0.34813234210014343,0.3225143849849701,0.6774856150150299,sentence_transformer:sentence-transformers/paraphrase-multilingual-MiniLM-L12-v2,True,0.5118606686592102,pooled_empirical_10th_percentile_provisional,1.0
policy_to_sentiment,policy_claim_03553,policy_oco_ai_policy_spotlight_report_chunk_0054,policy_oco_ai_policy_spotlight_report,ireland,policy,1,P1,enables_or_supports,Ireland is not included among the list of states that supported the statement.,Ireland is not included among the list of states that supported the statement.,sentiment_claim_00074,sentiment_original_051024_insights_into_ai_and_the_youth_sector_chunk_0038,sentiment,4,S4,"On the other spectrum, the organisation which was the first to advance international work on AI policies, the OECD , does not have a traditional youth policy or a guiding document for the youth sector.","On the other spectrum, the organisation which was the first to advance international work on AI policies, the OECD , does not have a traditional youth policy or a guiding document for the youth sector.",0.3684559464454651,0.3283693492412567,0.6716306507587433,sentence_transformer:sentence-transformers/paraphrase-multilingual-MiniLM-L12-v2,True,0.5118606686592102,pooled_empirical_10th_percentile_provisional,1.0
policy_to_sentiment,policy_claim_02134,policy_brisbanesde_ai_usage_policy_chunk_0007,policy_brisbanesde_ai_usage_policy,australia,policy,0,P0,causes_or_increases,"If using content generated by the software, use quotation marks or a block quote just like any other quoted text.","If using content generated by the software, use quotation marks or a block quote just like any other quoted text.",sentiment_claim_00568,sentiment_original_generative_artificial_intelligence_in_secondary_education_kj0125604enn_chunk_0056,sentiment,1,S1,"Yes, they might need sentence starters, and I want them to do it in a topic sentence, supporting details, conclusion.","Yes, they might need sentence starters, and I want them to do it in a topic sentence, supporting details, conclusion.",0.35420548915863037,0.3314128816127777,0.6685871183872223,sentence_transformer:sentence-transformers/paraphrase-multilingual-MiniLM-L12-v2,True,0.5118606686592102,pooled_empirical_10th_percentile_provisional,2.0
policy_to_sentiment,policy_claim_03751,policy_policy_title_artificial_intelligence_ai_usage_policy_for_staff_teachers_and_students_chunk_0009,policy_policy_title_artificial_intelligence_ai_usage_policy_for_staff_teachers_and_students,australia,policy,0,P0,causes_or_increases,"If using content generated by the software, use quotation marks or a block quote just like any other quoted text.","If using content generated by the software, use quotation marks or a block quote just like any other quoted text.",sentiment_claim_00568,sentiment_original_generative_artificial_intelligence_in_secondary_education_kj0125604enn_chunk_0056,sentiment,1,S1,"Yes, they might need sentence starters, and I want them to do it in a topic sentence, supporting details, conclusion.","Yes, they might need sentence starters, and I want them to do it in a topic sentence, supporting details, conclusion.",0.35420548915863037,0.3314128816127777,0.6685871183872223,sentence_transformer:sentence-transformers/paraphrase-multilingual-MiniLM-L12-v2,True,0.5118606686592102,pooled_empirical_10th_percentile_provisional,3.0
policy_to_sentiment,policy_claim_00998,policy_ai_guidance_chunk_0012,policy_ai_guidance,usa,policy,6,P6,requires_or_depends_on,What do we need to do to live this out fully?,What do we need to do to live this out fully?,sentiment_claim_00038,sentiment_original_051024_insights_into_ai_and_the_youth_sector_chunk_0021,sentiment,0,S0,"Such situations might lead to more displacement, precarious work and living conditions, especially for young people.","Such situations might lead to more displacement, precarious work and living conditions, especially for young people.",0.3668890595436096,0.3314943313598633,0.6685056686401367,sentence_transformer:sentence-transformers/paraphrase-multilingual-MiniLM-L12-v2,True,0.5118606686592102,pooled_empirical_10th_percentile_provisional,2.0
policy_to_sentiment,policy_claim_00073,policy_2025_12_16_first_interim_report_en_chunk_0021,policy_2025_12_16_first_interim_report_en,ireland,policy,6,P6,causes_or_increases,The experience from the GDPR is that they will raise their standards to that bar.,The experience from the GDPR is that they will raise their standards to that bar.,sentiment_claim_00184,sentiment_original_ai4t_wp3_d3_3_nr_ireland_chunk_0010,sentiment,3,S3,For each level the evaluation team created robust indicators adapted from existing scales and tested them during the pilot phase of the project.,For each level the evaluation team created robust indicators adapted from existing scales and tested them during the pilot phase of the project.,0.37006789445877075,0.33723577857017517,0.6627642214298248,sentence_transformer:sentence-transformers/paraphrase-multilingual-MiniLM-L12-v2,True,0.5118606686592102,pooled_empirical_10th_percentile_provisional,3.0
policy_to_sentiment,policy_claim_00128,policy_2026_01_20_opening_statement_ruth_kennedy_revenue_commissioner_et_al_office_of_the_revenue_commissioners_en_chunk_0001,policy_2026_01_20_opening_statement_ruth_kennedy_revenue_commissioner_et_al_office_of_the_revenue_commissioners_en,ireland,policy,8,P8,enables_or_supports,"Over 25 years ago, Revenue 's Online Service, ROS, was launched which allowed taxpayers file returns and make payments online.","Over 25 years ago, Revenue 's Online Service, ROS, was launched which allowed taxpayers file returns and make payments online.",sentiment_claim_00431,sentiment_original_eprs_ata_2025_769494_en_chunk_0006,sentiment,3,S3,The Digital Services Act (DSA) requires digital platforms to prioritise children's safety and privacy and protect them from illegal content.,The Digital Services Act (DSA) requires digital platforms to prioritise children's safety and privacy and protect them from illegal content.,0.40046244859695435,0.3553812503814697,0.6446187496185303,sentence_transformer:sentence-transformers/paraphrase-multilingual-MiniLM-L12-v2,True,0.5118606686592102,pooled_empirical_10th_percentile_provisional,3.0
policy_to_sentiment,policy_claim_02471,policy_digital_strategy_for_schools_to_2027_chunk_0108,policy_digital_strategy_for_schools_to_2027,ireland,policy,5,P5,enables_or_supports,"This project is supported by the PDST TiE team and the Dún Laoghaire Institute of Art, Design and Technology.","This project is supported by the PDST TiE team and the Dún Laoghaire Institute of Art, Design and Technology.",sentiment_claim_00757,sentiment_original_survey_on_artificial_intelligence_for_teaching_and_learning_results_european_school_education_platform_chunk_0015,sentiment,5,S5,"More practical and infrastructural needs complete the picture: 25% point to technical support and infrastructure improvements, 22% call for dedicated time for experimentation and collaboration, and 20% express interest in communities of practice and peer learning.","More practical and infrastructural needs complete the picture: 25% point to technical support and infrastructure improvements, 22% call for dedicated time for experimentation and collaboration, and 20% express interest in communities of practice and peer learning.",0.36730992794036865,0.3588326871395111,0.6411673128604889,sentence_transformer:sentence-transformers/paraphrase-multilingual-MiniLM-L12-v2,True,0.5118606686592102,pooled_empirical_10th_percentile_provisional,1.0
policy_to_sentiment,policy_claim_00322,policy_ai_cognitive_offloading_and_implications_for_education_chunk_0036,policy_ai_cognitive_offloading_and_implications_for_education,australia,policy,4,P4,enables_or_supports,(2025) found evidence to support this theory.,(2025) found evidence to support this theory.,sentiment_claim_00134,sentiment_original_3remittancesreview_volume8_issue4saajdmalakand_chunk_0003,sentiment,6,S6,"This study aims not merely to contribute to academic discourse, but also to furnish pragmatic insights with substantial applicability.","This study aims not merely to contribute to academic discourse, but also to furnish pragmatic insights with substantial applicability.",0.3846043050289154,0.3728927671909332,0.6271072328090668,sentence_transformer:sentence-transformers/paraphrase-multilingual-MiniLM-L12-v2,True,0.5118606686592102,pooled_empirical_10th_percentile_provisional,2.0
policy_to_sentiment,policy_claim_00338,policy_ai_cognitive_offloading_and_implications_for_education_chunk_0039,policy_ai_cognitive_offloading_and_implications_for_education,australia,policy,4,P4,requires_or_depends_on,Technology is not needed to achieve this.,Technology is not needed to achieve this.,sentiment_claim_00439,sentiment_original_french_digital_society_digital_mediation_professionals_face_the_challenge_of_digital_remoteness_labo_chunk_0004,sentiment,5,S5,"Indeed, while these places can help identify and direct people in difficulty towards digital mediation services, the help they provide is not part of a process of appropriating digital technologies.","Indeed, while these places can help identify and direct people in difficulty towards digital mediation services, the help they provide is not part of a process of appropriating digital technologies.",0.3987826704978943,0.3734471797943115,0.6265528202056885,sentence_transformer:sentence-transformers/paraphrase-multilingual-MiniLM-L12-v2,True,0.5118606686592102,pooled_empirical_10th_percentile_provisional,3.0
policy_to_sentiment,policy_claim_03664,policy_oco_ai_policy_spotlight_report_chunk_0117,policy_oco_ai_policy_spotlight_report,ireland,policy,1,P1,enables_or_supports,One of the OCO's new strategic goals is to promote the full and direct incorporation of the UNCRC into domestic law.,One of the OCO's new strategic goals is to promote the full and direct incorporation of the UNCRC into domestic law.,sentiment_claim_00653,sentiment_original_generative_artificial_intelligence_in_secondary_education_kj0125604enn_chunk_0082,sentiment,3,S3,"The European Commission offers resources to support the work of policymakers and educators in this regard, such as: - a.","The European Commission offers resources to support the work of policymakers and educators in this regard, such as: - a.",0.39222508668899536,0.3739504814147949,0.6260495185852051,sentence_transformer:sentence-transformers/paraphrase-multilingual-MiniLM-L12-v2,True,0.5118606686592102,pooled_empirical_10th_percentile_provisional,2.0
policy_to_sentiment,policy_claim_03626,policy_oco_ai_policy_spotlight_report_chunk_0095,policy_oco_ai_policy_spotlight_report,ireland,policy,5,P5,enables_or_supports,No reference is made to skills needed to ensure a human rights based approach.,No reference is made to skills needed to ensure a human rights based approach.,sentiment_claim_00519,sentiment_original_generative_artificial_intelligence_in_secondary_education_kj0125604enn_chunk_0038,sentiment,1,S1,"is not actually helping them at all in terms of their skills and abilities.' (School director in Luxembourg, translation) 25 Research participants highlighted the urgent need for the development of AI literacy among students.","is not actually helping them at all in terms of their skills and abilities.' (School director in Luxembourg, translation) 25 Research participants highlighted the urgent need for the development of AI literacy among students.",0.3929688334465027,0.3788512647151947,0.6211487352848053,sentence_transformer:sentence-transformers/paraphrase-multilingual-MiniLM-L12-v2,True,0.5118606686592102,pooled_empirical_10th_percentile_provisional,2.0
policy_to_sentiment,policy_claim_01131,policy_ai_guidance_chunk_0090,policy_ai_guidance,usa,policy,7,P7,requires_or_depends_on,"Include contract language requiring compliance with FERPA, 603 CMR 23.00, and all applicable data protection laws.","Include contract language requiring compliance with FERPA, 603 CMR 23.00, and all applicable data protection laws.",sentiment_claim_00126,sentiment_original_20251119_les_francais_lia_chunk_0016,sentiment,8,S8,"Proposition de règlement du parlement européen et du conseil établissant des règles en vue de prévenir et de combattre les abus sexuels sur enfants, n° 2022/0155, du 11 mai 2022 ; Voir également : Le Monde, « Chat Control » : le projet européen de surveillance des messageries largement abandonné , 31 oct.","Proposition de règlement du parlement européen et du conseil établissant des règles en vue de prévenir et de combattre les abus sexuels sur enfants, n° 2022/0155, du 11 mai 2022 ; Voir également : Le Monde, « Chat Control » : le projet européen de surveillance des messageries largement abandonné , 31 oct.",0.40640789270401,0.3797636032104492,0.6202363967895508,sentence_transformer:sentence-transformers/paraphrase-multilingual-MiniLM-L12-v2,True,0.5118606686592102,pooled_empirical_10th_percentile_provisional,1.0
sentiment_to_policy,sentiment_claim_00220,sentiment_original_ai4t_wp3_d3_3_nr_ireland_chunk_0051,sentiment_original_ai4t_wp3_d3_3_nr_ireland,ireland,sentiment,5,S5,reduces_or_prevents,"I don't think there's anything that would prevent us, no.'","I don't think there's anything that would prevent us, no.'",policy_claim_00191,policy_ahisa_member_survey_report_gen_ai_in_australian_independent_schools_chunk_0033,policy,7,P7,We cannot be in a situation where different schools make different decisions.' - 'We do not need political leaders to make this area top heavy with burdensome regulation.,We cannot be in a situation where different schools make different decisions.' - 'We do not need political leaders to make this area top heavy with burdensome regulation.,0.44286489486694336,0.38146665692329407,0.6185333430767059,sentence_transformer:sentence-transformers/paraphrase-multilingual-MiniLM-L12-v2,True,0.5118606686592102,pooled_empirical_10th_percentile_provisional,2.0
policy_to_sentiment,policy_claim_03585,policy_oco_ai_policy_spotlight_report_chunk_0073,policy_oco_ai_policy_spotlight_report,ireland,policy,1,P1,requires_or_depends_on,VLOPs and VLOSEs that use recommender systems are also required to provide users with at least one option for users on the platform/search engine that is not based on profiling.,VLOPs and VLOSEs that use recommender systems are also required to provide users with at least one option for users on the platform/search engine that is not based on profiling.,sentiment_claim_00668,sentiment_original_oco_ai_and_us_young_peoples_views_and_understanding_of_artificial_intelligence_chunk_0005,sentiment,0,S0,"They preferred to use Chat GPT than traditional search engines because it's 'sleek, calm' and in their opinion, uses a wider range of reliable sources.","They preferred to use Chat GPT than traditional search engines because it's 'sleek, calm' and in their opinion, uses a wider range of reliable sources.",0.3864094614982605,0.38251304626464844,0.6174869537353516,sentence_transformer:sentence-transformers/paraphrase-multilingual-MiniLM-L12-v2,True,0.5118606686592102,pooled_empirical_10th_percentile_provisional,3.0
policy_to_sentiment,policy_claim_01015,policy_ai_guidance_chunk_0025,policy_ai_guidance,usa,policy,7,P7,causes_or_increases,FocUs AReA: cRoss-FUnctIonAl leAdeRsHIP And collABoRAtIon Creating leadership structures that support coherence and shared responsibility.,FocUs AReA: cRoss-FUnctIonAl leAdeRsHIP And collABoRAtIon Creating leadership structures that support coherence and shared responsibility.,sentiment_claim_00593,sentiment_original_generative_artificial_intelligence_in_secondary_education_kj0125604enn_chunk_0065,sentiment,1,S1,"For instance, it may support but also hinder collaboration dynamics.","For instance, it may support but also hinder collaboration dynamics.",0.3972756564617157,0.38504758477211,0.61495241522789,sentence_transformer:sentence-transformers/paraphrase-multilingual-MiniLM-L12-v2,True,0.5118606686592102,pooled_empirical_10th_percentile_provisional,2.0
policy_to_sentiment,policy_claim_01004,policy_ai_guidance_chunk_0017,policy_ai_guidance,usa,policy,7,P7,enables_or_supports,Plan next steps: Use the column to the right of the Steps Already Taken to list additional steps to help sketch your Plan to Move Forward.,Plan next steps: Use the column to the right of the Steps Already Taken to list additional steps to help sketch your Plan to Move Forward.,sentiment_claim_00568,sentiment_original_generative_artificial_intelligence_in_secondary_education_kj0125604enn_chunk_0056,sentiment,1,S1,"Yes, they might need sentence starters, and I want them to do it in a topic sentence, supporting details, conclusion.","Yes, they might need sentence starters, and I want them to do it in a topic sentence, supporting details, conclusion.",0.40356624126434326,0.3858673572540283,0.6141326427459717,sentence_transformer:sentence-transformers/paraphrase-multilingual-MiniLM-L12-v2,True,0.5118606686592102,pooled_empirical_10th_percentile_provisional,3.0
policy_to_sentiment,policy_claim_03344,policy_l_intelligence_artificielle_en_ducation_cadre_d_usage_et_de_confiance_chunk_0013,policy_l_intelligence_artificielle_en_ducation_cadre_d_usage_et_de_confiance,france,policy,2,P2,requires_or_depends_on,La génération token par token : dépend de la part d'aléatoire définie par l'entreprise.,La génération token par token : dépend de la part d'aléatoire définie par l'entreprise.,sentiment_claim_00304,sentiment_original_ai_views_of_youth_workers_chunk_0002,sentiment,0,S0,"It is certain that algorithms and AI continue to influence young peo ple's everyday decision making and the overall process of digital transformation, thus the role of education is to ensure they are doing so in an informed, critical and conscious way.","It is certain that algorithms and AI continue to influence young peo ple's everyday decision making and the overall process of digital transformation, thus the role of education is to ensure they are doing so in an informed, critical and conscious way.",0.41117197275161743,0.3958410322666168,0.6041589677333832,sentence_transformer:sentence-transformers/paraphrase-multilingual-MiniLM-L12-v2,True,0.5118606686592102,pooled_empirical_10th_percentile_provisional,2.0
sentiment_to_policy,sentiment_claim_00281,sentiment_original_ai4t_wp3_d3_3_nr_ireland_chunk_0099,sentiment_original_ai4t_wp3_d3_3_nr_ireland,ireland,sentiment,7,S7,causes_or_increases,"And for it to be clear, because it wasn't clear.","And for it to be clear, because it wasn't clear.",policy_claim_01322,policy_ai_in_australian_education_snapshot_principles_policy_and_practice_august_2023_chunk_0071,policy,6,P6,"There is reasonable clarity about the required action of informed consent, however, it is not clear what 'proactively informed' implies leaving scope interpretation e.g.","There is reasonable clarity about the required action of informed consent, however, it is not clear what 'proactively informed' implies leaving scope interpretation e.g.",0.4511842131614685,0.40075528621673584,0.5992447137832642,sentence_transformer:sentence-transformers/paraphrase-multilingual-MiniLM-L12-v2,True,0.5118606686592102,pooled_empirical_10th_percentile_provisional,2.0
policy_to_sentiment,policy_claim_03205,policy_l_intelligence_artificielle_dans_les_tablissements_scolaires_sur_le_plan_administratif_et_p_dagogique_chunk_0026,policy_l_intelligence_artificielle_dans_les_tablissements_scolaires_sur_le_plan_administratif_et_p_dagogique,france,policy,2,P2,causes_or_increases,"Là encore, le profess eur n'a pas été dupe en raison de la maitrise du français (absence de fautes d'orthographe) et du décalage avec la première partie du devoir.","Là encore, le profess eur n'a pas été dupe en raison de la maitrise du français (absence de fautes d'orthographe) et du décalage avec la première partie du devoir.",sentiment_claim_00583,sentiment_original_generative_artificial_intelligence_in_secondary_education_kj0125604enn_chunk_0060,sentiment,1,S1,"Not only much better, but also in the process of being competent.' (School leader in Germany, translation) 40 Research participants stressed that it is essential to rethink assessment strategies and avoid relying on formats that are amenable to GenAI-enabled cheating.","Not only much better, but also in the process of being competent.' (School leader in Germany, translation) 40 Research participants stressed that it is essential to rethink assessment strategies and avoid relying on formats that are amenable to GenAI-enabled cheating.",0.42293062806129456,0.40534234046936035,0.5946576595306396,sentence_transformer:sentence-transformers/paraphrase-multilingual-MiniLM-L12-v2,True,0.5118606686592102,pooled_empirical_10th_percentile_provisional,3.0
sentiment_to_policy,sentiment_claim_00679,sentiment_original_oco_ai_and_us_young_peoples_views_and_understanding_of_artificial_intelligence_chunk_0013,sentiment_original_oco_ai_and_us_young_peoples_views_and_understanding_of_artificial_intelligence,other,sentiment,0,S0,causes_or_increases,'Take everything with a pinch of salt because it does depend on how you phrased it and your response to it and everything.','Take everything with a pinch of salt because it does depend on how you phrased it and your response to it and everything.',policy_claim_03068,policy_guidetoaiinschools_chunk_0077,policy,0,P0,I think the very common answer [to prevent unauthorized use] is: 'Make a physical assignment.',I think the very common answer [to prevent unauthorized use] is: 'Make a physical assignment.',0.4364106059074402,0.41601666808128357,0.5839833319187164,sentence_transformer:sentence-transformers/paraphrase-multilingual-MiniLM-L12-v2,True,0.5118606686592102,pooled_empirical_10th_percentile_provisional,2.0
sentiment_to_policy,sentiment_claim_00215,sentiment_original_ai4t_wp3_d3_3_nr_ireland_chunk_0048,sentiment_original_ai4t_wp3_d3_3_nr_ireland,ireland,sentiment,7,S7,enables_or_supports,It really helped to cement that.,It really helped to cement that.,policy_claim_03098,policy_guidetoaiinschools_chunk_0089,policy,0,P0,That's why contributing to this guide was so important to me.,That's why contributing to this guide was so important to me.,0.4369134306907654,0.4222669303417206,0.5777330696582794,sentence_transformer:sentence-transformers/paraphrase-multilingual-MiniLM-L12-v2,True,0.5118606686592102,pooled_empirical_10th_percentile_provisional,3.0
policy_to_sentiment,policy_claim_00534,policy_ai_competency_framework_for_students_chunk_0062,policy_ai_competency_framework_for_students,other,policy,3,P3,enables_or_supports,automatic watering the school garden or helping a hard-of-hearing grandparent to detect alarms).,automatic watering the school garden or helping a hard-of-hearing grandparent to detect alarms).,sentiment_claim_00634,sentiment_original_generative_artificial_intelligence_in_secondary_education_kj0125604enn_chunk_0079,sentiment,1,S1,"On one hand, this technology may assist teachers in accelerating the creation or adaptation of tasks designed to assess students' achievement of learning outcomes, whether summatively or formatively.","On one hand, this technology may assist teachers in accelerating the creation or adaptation of tasks designed to assess students' achievement of learning outcomes, whether summatively or formatively.",0.4324568808078766,0.4243796765804291,0.5756203234195709,sentence_transformer:sentence-transformers/paraphrase-multilingual-MiniLM-L12-v2,True,0.5118606686592102,pooled_empirical_10th_percentile_provisional,2.0
sentiment_to_policy,sentiment_claim_00088,sentiment_original_051024_insights_into_ai_and_the_youth_sector_chunk_0048,sentiment_original_051024_insights_into_ai_and_the_youth_sector,other,sentiment,0,S0,causes_or_increases,"The Block by Block Foundation is an organisation tapping into this potential and it has created a new methodology to engage young people, as well as other social groups, by using one of the most popular online games, Minecraft.","The Block by Block Foundation is an organisation tapping into this potential and it has created a new methodology to engage young people, as well as other social groups, by using one of the most popular online games, Minecraft.",policy_claim_02427,policy_digital_strategy_for_schools_to_2027_chunk_0091,policy,5,P5,"A Webwise Parents Hub and a Youth Hub are also available with an extensive array of resources and supports that give practical information and advice on key issues such as respec tf ul online communication, ethical use of digital technologies, cyberbullying, image sharing, social media, popular applications and websites and more.","A Webwise Parents Hub and a Youth Hub are also available with an extensive array of resources and supports that give practical information and advice on key issues such as respec tf ul online communication, ethical use of digital technologies, cyberbullying, image sharing, social media, popular applications and websites and more.",0.42723608016967773,0.4261454641819,0.5738545358181,sentence_transformer:sentence-transformers/paraphrase-multilingual-MiniLM-L12-v2,True,0.5118606686592102,pooled_empirical_10th_percentile_provisional,3.0
sentiment_to_policy,sentiment_claim_00486,sentiment_original_generative_artificial_intelligence_in_secondary_education_kj0125604enn_chunk_0019,sentiment_original_generative_artificial_intelligence_in_secondary_education_kj0125604enn,other,sentiment,5,S5,causes_or_increases,"However, in the case of Germany, the research participants were recruited exclusively from the federal state of Baden-Württemberg, due to the country's complex federal structure and the significant differences in education systems across its 16 federal states.","However, in the case of Germany, the research participants were recruited exclusively from the federal state of Baden-Württemberg, due to the country's complex federal structure and the significant differences in education systems across its 16 federal states.",policy_claim_03273,policy_l_intelligence_artificielle_dans_les_tablissements_scolaires_sur_le_plan_administratif_et_p_dagogique_chunk_0089,policy,2,P2,"À l'international, les partenariats entre établissements scolaires et universités sont souvent encouragés, comme en Slovénie 34 , en Autriche 35 ou encore en Israël 36 où la coopération entre praticiens et chercheurs est renforcée par la présence de développeurs de solutions techniques et commerciales.","À l'international, les partenariats entre établissements scolaires et universités sont souvent encouragés, comme en Slovénie 34 , en Autriche 35 ou encore en Israël 36 où la coopération entre praticiens et chercheurs est renforcée par la présence de développeurs de solutions techniques et commerciales.",0.4550071358680725,0.42799076437950134,0.5720092356204987,sentence_transformer:sentence-transformers/paraphrase-multilingual-MiniLM-L12-v2,True,0.5118606686592102,pooled_empirical_10th_percentile_provisional,3.0
policy_to_sentiment,policy_claim_02299,policy_digital_strategy_for_schools_to_2027_chunk_0041,policy_digital_strategy_for_schools_to_2027,ireland,policy,5,P5,enables_or_supports,The PDST has a dedicated Technology in Education Team (PDST TiE) and a team of digital technology advisers who will continue to develop and facilitate flexible differentiated models of TPL.,The PDST has a dedicated Technology in Education Team (PDST TiE) and a team of digital technology advisers who will continue to develop and facilitate flexible differentiated models of TPL.,sentiment_claim_00178,sentiment_original_ai4t_wp3_d3_3_nr_ireland_chunk_0006,sentiment,5,S5,During the two online webinars the content of the MOOC was discussed and facilitated by a member of the PDST facilitation team to deepen understandings of the MOOC content and discuss usage of the AI tools being used in the classrooms (Duolingo and Photomath).,During the two online webinars the content of the MOOC was discussed and facilitated by a member of the PDST facilitation team to deepen understandings of the MOOC content and discuss usage of the AI tools being used in the classrooms (Duolingo and Photomath).,0.4380139112472534,0.4298524558544159,0.5701475441455841,sentence_transformer:sentence-transformers/paraphrase-multilingual-MiniLM-L12-v2,True,0.5118606686592102,pooled_empirical_10th_percentile_provisional,3.0
policy_to_sentiment,policy_claim_02062,policy_ai_to_support_learning_and_teaching_in_the_re_classroom_chunk_0012,policy_ai_to_support_learning_and_teaching_in_the_re_classroom,ireland,policy,3,P3,causes_or_increases,"Content: definition, examples and role of ritual TPACK: student creates a short video clip/infographic explaining elements and role of ritual with examples.","Content: definition, examples and role of ritual TPACK: student creates a short video clip/infographic explaining elements and role of ritual with examples.",sentiment_claim_00728,sentiment_original_qqi_generative_artificial_intelligence_survey_report_2025_chunk_0032,sentiment,2,S2,It is used to generate content for teaching: creating images and slides for class presentations; generating worksheets and quizzes or tongue twisters; creating summary sheets from existing resources; creating templates.,It is used to generate content for teaching: creating images and slides for class presentations; generating worksheets and quizzes or tongue twisters; creating summary sheets from existing resources; creating templates.,0.473541259765625,0.4325694739818573,0.5674305260181427,sentence_transformer:sentence-transformers/paraphrase-multilingual-MiniLM-L12-v2,True,0.5118606686592102,pooled_empirical_10th_percentile_provisional,3.0
sentiment_to_policy,sentiment_claim_00240,sentiment_original_ai4t_wp3_d3_3_nr_ireland_chunk_0068,sentiment_original_ai4t_wp3_d3_3_nr_ireland,ireland,sentiment,1,S1,enables_or_supports,Photomath specific prompts but how this also helped them to clarify their own thoughts.,Photomath specific prompts but how this also helped them to clarify their own thoughts.,policy_claim_02863,policy_guidance_on_artificial_intelligence_in_schools_2025_chunk_0026,policy,5,P5,The images are intended to provide visual support for engagement and comprehension.,The images are intended to provide visual support for engagement and comprehension.,0.4876512289047241,0.4555312693119049,0.5444687306880951,sentence_transformer:sentence-transformers/paraphrase-multilingual-MiniLM-L12-v2,True,0.5118606686592102,pooled_empirical_10th_percentile_provisional,1.0
sentiment_to_policy,sentiment_claim_00385,sentiment_original_artificial_intelligence_in_classrooms_qa0126065enn_chunk_0008,sentiment_original_artificial_intelligence_in_classrooms_qa0126065enn,other,sentiment,3,S3,enables_or_supports,"For example, it is well known that most GenAI systems were refined based on the involvement of poorly-paid workers in some global south countries, who were exposed to the systems' original uncensored and often deplorable outputs, so that the developers could put 'guardrails' in place to prevent the public from seeing similar outputs.","For example, it is well known that most GenAI systems were refined based on the involvement of poorly-paid workers in some global south countries, who were exposed to the systems' original uncensored and often deplorable outputs, so that the developers could put 'guardrails' in place to prevent the public from seeing similar outputs.",policy_claim_02152,policy_developing_policy_and_protocols_for_the_use_of_generative_ai_in_k_12_classrooms_march_2025_chunk_0010,policy,7,P7,"GenAI has brought about novel forms of abuse and harassment, especially in the form of synthetic media (e.g.","GenAI has brought about novel forms of abuse and harassment, especially in the form of synthetic media (e.g.",0.4702063798904419,0.4607301652431488,0.5392698347568512,sentence_transformer:sentence-transformers/paraphrase-multilingual-MiniLM-L12-v2,True,0.5118606686592102,pooled_empirical_10th_percentile_provisional,1.0
sentiment_to_policy,sentiment_claim_00616,sentiment_original_generative_artificial_intelligence_in_secondary_education_kj0125604enn_chunk_0073,sentiment_original_generative_artificial_intelligence_in_secondary_education_kj0125604enn,other,sentiment,1,S1,requires_or_depends_on,"Well, I just want to know, tell me what you need to know how to do.","Well, I just want to know, tell me what you need to know how to do.",policy_claim_03079,policy_guidetoaiinschools_chunk_0082,policy,0,P0,And so you need to know how to adapt to it.,And so you need to know how to adapt to it.,0.5456240773200989,0.4613868296146393,0.5386131703853607,sentence_transformer:sentence-transformers/paraphrase-multilingual-MiniLM-L12-v2,True,0.5118606686592102,pooled_empirical_10th_percentile_provisional,2.0
sentiment_to_policy,sentiment_claim_00683,sentiment_original_qqi_generative_artificial_intelligence_survey_report_2025_chunk_0001,sentiment_original_qqi_generative_artificial_intelligence_survey_report_2025,ireland,sentiment,2,S2,enables_or_supports,"Those 567 responses were omitted from the analysis, and the remaining 1,229 responses were considered as a total 100% for the purpose of the analysis.","Those 567 responses were omitted from the analysis, and the remaining 1,229 responses were considered as a total 100% for the purpose of the analysis.",policy_claim_03436,policy_men_dne_brochure_ia_2024_uk_web_chunk_0053,policy,0,P0,Arguments and data that supported the responses.,Arguments and data that supported the responses.,0.49785396456718445,0.461566686630249,0.538433313369751,sentence_transformer:sentence-transformers/paraphrase-multilingual-MiniLM-L12-v2,True,0.5118606686592102,pooled_empirical_10th_percentile_provisional,1.0
sentiment_to_policy,sentiment_claim_00157,sentiment_original_3remittancesreview_volume8_issue4saajdmalakand_chunk_0012,sentiment_original_3remittancesreview_volume8_issue4saajdmalakand,other,sentiment,6,S6,reduces_or_prevents,"First, the sample size from each city was restricted to 30 participants, which could limit the generalizability of the findings to a broader population.","First, the sample size from each city was restricted to 30 participants, which could limit the generalizability of the findings to a broader population.",policy_claim_02924,policy_guidance_on_artificial_intelligence_in_schools_2025_chunk_0047,policy,6,P6,Are there procedures in place to limit access to the data only to those who need it?,Are there procedures in place to limit access to the data only to those who need it?,0.4804494380950928,0.4631401598453522,0.5368598401546478,sentence_transformer:sentence-transformers/paraphrase-multilingual-MiniLM-L12-v2,True,0.5118606686592102,pooled_empirical_10th_percentile_provisional,1.0
sentiment_to_policy,sentiment_claim_00337,sentiment_original_ai_views_of_youth_workers_chunk_0022,sentiment_original_ai_views_of_youth_workers,other,sentiment,4,S4,causes_or_increases,"For 6 years, the algorithm wrongly identified families as fraudsters leading to a thousand children being taken to foster care (Heikilla, 2022).","For 6 years, the algorithm wrongly identified families as fraudsters leading to a thousand children being taken to foster care (Heikilla, 2022).",policy_claim_03207,policy_l_intelligence_artificielle_dans_les_tablissements_scolaires_sur_le_plan_administratif_et_p_dagogique_chunk_0027,policy,2,P2,La priorité donnée à la détection de la fraude occulte la nécessité plus prioritaire de développer une éducation pour une pratique éthique de l'IA La question de la détection de la fraude n'est pas simple.,La priorité donnée à la détection de la fraude occulte la nécessité plus prioritaire de développer une éducation pour une pratique éthique de l'IA La question de la détection de la fraude n'est pas simple.,0.4831348955631256,0.463521271944046,0.536478728055954,sentence_transformer:sentence-transformers/paraphrase-multilingual-MiniLM-L12-v2,True,0.5118606686592102,pooled_empirical_10th_percentile_provisional,1.0
sentiment_to_policy,sentiment_claim_00493,sentiment_original_generative_artificial_intelligence_in_secondary_education_kj0125604enn_chunk_0025,sentiment_original_generative_artificial_intelligence_in_secondary_education_kj0125604enn,other,sentiment,3,S3,enables_or_supports,All interviews and focus groups followed a strict protocol to ensure comparability and scientific rigour.,All interviews and focus groups followed a strict protocol to ensure comparability and scientific rigour.,policy_claim_02200,policy_digital_strategy_for_schools_to_2027_chunk_0004,policy,5,P5,This Strategy aims to ensure this happens effectively for all learners.,This Strategy aims to ensure this happens effectively for all learners.,0.4921487867832184,0.4637068808078766,0.5362931191921234,sentence_transformer:sentence-transformers/paraphrase-multilingual-MiniLM-L12-v2,True,0.5118606686592102,pooled_empirical_10th_percentile_provisional,2.0
sentiment_to_policy,sentiment_claim_00242,sentiment_original_ai4t_wp3_d3_3_nr_ireland_chunk_0068,sentiment_original_ai4t_wp3_d3_3_nr_ireland,ireland,sentiment,1,S1,requires_or_depends_on,So you do need to be extremely specific - what you type in as to what exactly you're looking for.,So you do need to be extremely specific - what you type in as to what exactly you're looking for.,policy_claim_03100,policy_guidetoaiinschools_chunk_0091,policy,0,P0,What you'll find is a timely compilation of relevant questions and divergent perspectives that can help you kickstart or continue the work that lies ahead for your institution in response to the most game-changing arrival technology of our generation.',What you'll find is a timely compilation of relevant questions and divergent perspectives that can help you kickstart or continue the work that lies ahead for your institution in response to the most game-changing arrival technology of our generation.',0.5014106035232544,0.4653710424900055,0.5346289575099945,sentence_transformer:sentence-transformers/paraphrase-multilingual-MiniLM-L12-v2,True,0.5118606686592102,pooled_empirical_10th_percentile_provisional,3.0
sentiment_to_policy,sentiment_claim_00164,sentiment_original_3remittancesreview_volume8_issue4saajdmalakand_chunk_0022,sentiment_original_3remittancesreview_volume8_issue4saajdmalakand,other,sentiment,6,S6,causes_or_increases,"In contrast, the mean fear score is significantly higher at 4.5, with a mode of 5, revealing a heightened sense of apprehension.","In contrast, the mean fear score is significantly higher at 4.5, with a mode of 5, revealing a heightened sense of apprehension.",policy_claim_03346,policy_l_intelligence_artificielle_en_ducation_cadre_d_usage_et_de_confiance_chunk_0014,policy,2,P2,Le flou de l'instruction accroît les risques de voir l'outil insérer des biais dans la réponse générée.,Le flou de l'instruction accroît les risques de voir l'outil insérer des biais dans la réponse générée.,0.5225600004196167,0.4748043119907379,0.5251956880092621,sentence_transformer:sentence-transformers/paraphrase-multilingual-MiniLM-L12-v2,True,0.5118606686592102,pooled_empirical_10th_percentile_provisional,2.0
sentiment_to_policy,sentiment_claim_00082,sentiment_original_051024_insights_into_ai_and_the_youth_sector_chunk_0044,sentiment_original_051024_insights_into_ai_and_the_youth_sector,other,sentiment,4,S4,causes_or_increases,Many of the youth ambassadors are supported in joining the European and global IGF to increase the impact of their work.,Many of the youth ambassadors are supported in joining the European and global IGF to increase the impact of their work.,policy_claim_02408,policy_digital_strategy_for_schools_to_2027_chunk_0080,policy,5,P5,This blended learning approach continues to increase in prominence across Europe and globally.,This blended learning approach continues to increase in prominence across Europe and globally.,0.4927403926849365,0.48131000995635986,0.5186899900436401,sentence_transformer:sentence-transformers/paraphrase-multilingual-MiniLM-L12-v2,True,0.5118606686592102,pooled_empirical_10th_percentile_provisional,2.0
sentiment_to_policy,sentiment_claim_00168,sentiment_original_3remittancesreview_volume8_issue4saajdmalakand_chunk_0023,sentiment_original_3remittancesreview_volume8_issue4saajdmalakand,other,sentiment,6,S6,causes_or_increases,"Job Security Discourse: The lexicon deployed within this thematic concern is saturated with affective terms such as 'unemployment,' 'job insecurity,' and 'redundancy,' amplifying the level of exigency surrounding the issue.","Job Security Discourse: The lexicon deployed within this thematic concern is saturated with affective terms such as 'unemployment,' 'job insecurity,' and 'redundancy,' amplifying the level of exigency surrounding the issue.",policy_claim_01522,policy_ai_policy_considerations_for_schools_and_mats_chunk_0006,policy,7,P7,Example wording: Staff are expected to engage with guidance and raise concerns where they are unsure about appropriate AI use.,Example wording: Staff are expected to engage with guidance and raise concerns where they are unsure about appropriate AI use.,0.48985910415649414,0.4850268065929413,0.5149731934070587,sentence_transformer:sentence-transformers/paraphrase-multilingual-MiniLM-L12-v2,True,0.5118606686592102,pooled_empirical_10th_percentile_provisional,3.0
sentiment_to_policy,sentiment_claim_00353,sentiment_original_ai_views_of_youth_workers_chunk_0035,sentiment_original_ai_views_of_youth_workers,other,sentiment,4,S4,enables_or_supports,4.3 Case study : Tactical Tech Data Detox X Youth Data Detox x Youth is an activity book to help young people take control of their tech.,4.3 Case study : Tactical Tech Data Detox X Youth Data Detox x Youth is an activity book to help young people take control of their tech.,policy_claim_03498,policy_oco_ai_policy_spotlight_report_chunk_0022,policy,1,P1,The report sought to advance understanding of youth perspectives towards AI mechanisms and platform tools targeting cyberbullying and online forms of abuse.,The report sought to advance understanding of youth perspectives towards AI mechanisms and platform tools targeting cyberbullying and online forms of abuse.,0.4932631850242615,0.4859633147716522,0.5140366852283478,sentence_transformer:sentence-transformers/paraphrase-multilingual-MiniLM-L12-v2,True,0.5118606686592102,pooled_empirical_10th_percentile_provisional,3.0
sentiment_to_policy,sentiment_claim_00491,sentiment_original_generative_artificial_intelligence_in_secondary_education_kj0125604enn_chunk_0025,sentiment_original_generative_artificial_intelligence_in_secondary_education_kj0125604enn,other,sentiment,3,S3,enables_or_supports,"Not having to rely on the co-location of researchers and participants made the recruitment of relevant participants easier, less expensive and enabled the involvement of people from different parts of each country.","Not having to rely on the co-location of researchers and participants made the recruitment of relevant participants easier, less expensive and enabled the involvement of people from different parts of each country.",policy_claim_03300,policy_l_intelligence_artificielle_dans_les_tablissements_scolaires_sur_le_plan_administratif_et_p_dagogique_chunk_0114,policy,2,P2,"Une coordination des acteurs nationaux et académiques qui se met en place et doit être renforcée sachants » qui pourraient, dans le meilleur des cas prendre en charge les enjeux d'acculturation pour les autres.","Une coordination des acteurs nationaux et académiques qui se met en place et doit être renforcée sachants » qui pourraient, dans le meilleur des cas prendre en charge les enjeux d'acculturation pour les autres.",0.49576079845428467,0.49005547165870667,0.5099445283412933,sentence_transformer:sentence-transformers/paraphrase-multilingual-MiniLM-L12-v2,True,0.5118606686592102,pooled_empirical_10th_percentile_provisional,3.0
sentiment_to_policy,sentiment_claim_00726,sentiment_original_qqi_generative_artificial_intelligence_survey_report_2025_chunk_0031,sentiment_original_qqi_generative_artificial_intelligence_survey_report_2025,ireland,sentiment,2,S2,causes_or_increases,Some staff suggest that GenAI could lead to the reduction of the need for staff to be physically present.,Some staff suggest that GenAI could lead to the reduction of the need for staff to be physically present.,policy_claim_03912,policy_using_generative_ai_chunk_0008,policy,6,P6,The paper stated that generative AI allows for a potential decrease in workload thereby allowing more time for teachers.,The paper stated that generative AI allows for a potential decrease in workload thereby allowing more time for teachers.,0.5620331764221191,0.5336320996284485,0.4663679003715515,sentence_transformer:sentence-transformers/paraphrase-multilingual-MiniLM-L12-v2,False,0.5118606686592102,pooled_empirical_10th_percentile_provisional,2.0
sentiment_to_policy,sentiment_claim_00121,sentiment_original_20251119_les_francais_lia_chunk_0008,sentiment_original_20251119_les_francais_lia,france,sentiment,8,S8,reduces_or_prevents,"Les réserves existent, mais se concentrent sur des sujets plus sensibles : l'inclusion (50 % d'avis positifs contre 32 % négatifs), les modes de consommation (50 % contre 36 %), et, surtout, la lutte contre le changement climatique, pour laquelle seuls 47 % des répondants jugent l'impact du numérique positif, contre 33 % qui l'estiment négatif.","Les réserves existent, mais se concentrent sur des sujets plus sensibles : l'inclusion (50 % d'avis positifs contre 32 % négatifs), les modes de consommation (50 % contre 36 %), et, surtout, la lutte contre le changement climatique, pour laquelle seuls 47 % des répondants jugent l'impact du numérique positif, contre 33 % qui l'estiment négatif.",policy_claim_03651,policy_oco_ai_policy_spotlight_report_chunk_0111,policy,1,P1,"Participants also highlighted other areas that are affected by AI and that children have raised concerns about but that are not currently considered in policy, such as the impact on the environment and natural resources.","Participants also highlighted other areas that are affected by AI and that children have raised concerns about but that are not currently considered in policy, such as the impact on the environment and natural resources.",0.5421171188354492,0.5381173491477966,0.46188265085220337,sentence_transformer:sentence-transformers/paraphrase-multilingual-MiniLM-L12-v2,False,0.5118606686592102,pooled_empirical_10th_percentile_provisional,1.0
sentiment_to_policy,sentiment_claim_00704,sentiment_original_qqi_generative_artificial_intelligence_survey_report_2025_chunk_0021,sentiment_original_qqi_generative_artificial_intelligence_survey_report_2025,ireland,sentiment,2,S2,causes_or_increases,34% say they would not at all be comfortable if GenAI was used in assessments that do contribute to a learner's grades.,34% say they would not at all be comfortable if GenAI was used in assessments that do contribute to a learner's grades.,policy_claim_03178,policy_l_ia_en_ducation_cadre_d_usage_chunk_0015,policy,2,P2,"Point de vigilance : en raison de leur manque de fiabilité, l'utilisation des logiciels de détection de contenus générés par l'IA n'est pas recommandée, car elle pourrait pénaliser à tort un élève.","Point de vigilance : en raison de leur manque de fiabilité, l'utilisation des logiciels de détection de contenus générés par l'IA n'est pas recommandée, car elle pourrait pénaliser à tort un élève.",0.5652008056640625,0.5615541338920593,0.4384458661079407,sentence_transformer:sentence-transformers/paraphrase-multilingual-MiniLM-L12-v2,False,0.5118606686592102,pooled_empirical_10th_percentile_provisional,3.0
sentiment_to_policy,sentiment_claim_00131,sentiment_original_20251119_les_francais_lia_chunk_0021,sentiment_original_20251119_les_francais_lia,france,sentiment,8,S8,requires_or_depends_on,"Et sans liberté, la responsabilité individuelle cesse d'exister car elle suppose une capacité de décision éclairée .","Et sans liberté, la responsabilité individuelle cesse d'exister car elle suppose une capacité de décision éclairée .",policy_claim_00499,policy_ai_competency_framework_for_students_chunk_0041,policy,3,P3,"They should also develop an awareness that human accountability is a legal and social responsibility when using AI to assist in decision-making, and that human choice should not be ceded to AI when making high-stakes decisions.","They should also develop an awareness that human accountability is a legal and social responsibility when using AI to assist in decision-making, and that human choice should not be ceded to AI when making high-stakes decisions.",0.5892418622970581,0.5757861137390137,0.42421388626098633,sentence_transformer:sentence-transformers/paraphrase-multilingual-MiniLM-L12-v2,False,0.5118606686592102,pooled_empirical_10th_percentile_provisional,2.0
sentiment_to_policy,sentiment_claim_00126,sentiment_original_20251119_les_francais_lia_chunk_0016,sentiment_original_20251119_les_francais_lia,france,sentiment,8,S8,enables_or_supports,"Proposition de règlement du parlement européen et du conseil établissant des règles en vue de prévenir et de combattre les abus sexuels sur enfants, n° 2022/0155, du 11 mai 2022 ; Voir également : Le Monde, « Chat Control » : le projet européen de surveillance des messageries largement abandonné , 31 oct.","Proposition de règlement du parlement européen et du conseil établissant des règles en vue de prévenir et de combattre les abus sexuels sur enfants, n° 2022/0155, du 11 mai 2022 ; Voir également : Le Monde, « Chat Control » : le projet européen de surveillance des messageries largement abandonné , 31 oct.",policy_claim_03494,policy_oco_ai_policy_spotlight_report_chunk_0021,policy,1,P1,"European Parliament research highlights the need for legal action to tackle the threats of deepfakes, increased industry efforts, and better implementation of relevant EU legislation including the AI Act and Digital Services Act, enhanced generative AI literacy for children, educators and parents, and monitoring indicators for children's online use.","European Parliament research highlights the need for legal action to tackle the threats of deepfakes, increased industry efforts, and better implementation of relevant EU legislation including the AI Act and Digital Services Act, enhanced generative AI literacy for children, educators and parents, and monitoring indicators for children's online use.",0.6243882179260254,0.6150491833686829,0.38495081663131714,sentence_transformer:sentence-transformers/paraphrase-multilingual-MiniLM-L12-v2,False,0.5118606686592102,pooled_empirical_10th_percentile_provisional,3.0
