source_topic_space,source_topic,source_topic_code,empirical_mean_deficit,empirical_claims,empirical_documents,synthetic_mean_deficit,synthetic_claims,synthetic_documents,comparison_status,deficit_change
sentiment,0,S0,0.3409293812254201,69,4,0.3399772028973762,47.0,10.0,supported,-0.0009521783280438956
sentiment,1,S1,0.31746951285479724,138,7,0.32066823057381505,83.0,17.0,supported,0.0031987177190178073
sentiment,2,S2,0.3639509507587978,49,2,0.3069152355194092,5.0,1.0,supported,-0.05703571523938861
sentiment,3,S3,0.2955245711586692,220,8,0.3124848642221694,243.0,35.0,supported,0.01696029306350022
sentiment,4,S4,0.31857353563492113,104,2,0.31981833599790743,79.0,20.0,supported,0.001244800362986298
sentiment,5,S5,0.32625717476562216,81,5,0.3141854450934463,72.0,16.0,supported,-0.012071729672175846
sentiment,6,S6,0.3613360154887904,46,3,0.33826030857244116,157.0,32.0,supported,-0.023075706916349248
sentiment,7,S7,0.3928268169745421,39,2,0.37783870458602903,75.0,15.0,supported,-0.014988112388513053
sentiment,8,S8,0.35204324722290037,15,3,,,,insufficient_synthetic_evidence,
