var_1,var_2,var_3,var_4,var_5,var_6,var_7,var_8,var_9,var_10,target
-0.902827214,2.7689328495561867,-0.735299558,1.9582556652024408,-0.481016017,-2.179443832,1.9779513784680625,-1.155936558,1.0689401413146113,0.5472708952339537,1
0.3975130935003762,-1.924426226,-2.501029589,-0.015158623,0.7536430139648493,2.1088586810156795,-1.473906077,-0.049680278,-0.573371827,-0.501587218,0
0.8446588509298494,-2.831984258,-1.709973269,0.9963538437847802,0.6355293443014763,2.4324744541398085,-2.056958587,-0.427917818,-1.03523559,-1.175452354,0
0.71105703,-3.334548675,0.16973796237974048,0.40716646601828843,1.2652712385669829,3.596595252585849,-2.544303074,-1.037395835,-1.009926857,-0.358931535,0
0.7842386203829596,-3.103154331,0.066665848,0.054341147,0.9540446135834074,3.0304570962541955,-2.314882288,1.0743616279457635,-1.030182298,-1.448892468,0
0.6247254061128544,-3.378213507,-0.032637461,1.2343541009858356,1.4562464807600932,3.8907991520819376,-2.618885704,0.7772428947177579,-0.952633878,0.2588610516275363,0
-0.404605527,2.759091455,-0.504175027,0.4764112909402103,-1.381975188,-3.450639767,2.1844985890397144,2.257490411366994,0.7001664179095328,-0.409500874,1
-2.660465139,5.160165507489973,0.7607480165189447,-1.162935086,0.886921046,-1.534881297,3.2641478584715418,-0.216165166,2.7131244510476806,0.1677553941663837,1
-1.17922681,3.3699826500578456,1.8290116328132355,0.4638057679851826,-0.438775042,-2.444746742,2.3726040812946865,0.7838982563962643,1.3602706634602333,0.2780339799964096,1
0.819223462,-2.864226998,0.6676056816679461,-1.123885717,0.7066832302725413,2.550730969230635,-2.095500968,2.0708874568730304,-1.021178014,-1.434771905,0
-0.433992437,2.9583086999795314,0.2605978480967591,-0.082965512,-1.481444121,-3.69934306,2.3421534152457584,-1.029643553,0.7508485914348115,-1.153841058,1
0.652270509,1.842647844438207,-0.183877462,1.375167825769897,-2.605121193,-4.687877125,1.8569218099265417,-0.072732579,-0.212547481,-0.039738345,1
0.8622528597067665,-3.062185891,0.2930555311910638,-0.562278048,0.7803079507258099,2.7621362743301643,-2.24619372,-1.418064949,-1.081735561,0.901004861,0
0.5115927958487592,-2.410430471,-0.210431028,0.407022646,0.9190081763664009,2.606070829397727,-1.840227151,-0.643538492,-0.728267519,0.061112331476482123,0
0.3815691129572748,-2.230261509,-0.472877549,0.6069754122455386,1.017687636363674,2.648417787,-1.74227947,1.9640307798419496,-0.606159845,-0.333886499,0
-1.299210685,3.1754290350328884,1.2121318968630523,0.30496545938123315,-0.070507615,-1.817720436,2.154489506015794,0.15423094879427696,1.4203992621407215,-0.91916726,1
0.722745108,-3.015857199,0.087107875,-0.595441064,0.9991100736256375,3.047082476561417,-2.266773666,-0.453986856,-0.972128501,1.3932218490420047,0
0.9152369157227829,1.369262640223191,-0.044413906,0.4509678528838662,-2.720949903,-4.595899785,1.565628594459654,-2.731245959,-0.475379886,-1.061547827,1
0.6731174516796132,-2.594258232,-0.513640065,-0.126808425,0.765696892,2.488298334851181,-1.927711816,0.025412494078169107,-0.874133844,0.4426891115923247,0
0.7859051657214144,-3.309013613,-0.429362423,1.501026446120721,1.109165366885026,3.3616035805610553,-2.490176341,-1.556760293,-1.061393546,1.3076524797762838,0
0.7953451532404445,-2.777503435,-0.619214594,1.7625366152618807,0.6835970541250803,2.4711063019982493,-2.031653373,-1.348281522,-0.990941558,-0.929664916,0
-1.647608908,3.9203962478169165,-0.869459021,0.060277507,-0.007545655,-2.131520378,2.6411295919701008,0.14537026258533509,1.7857755298401192,-0.586120773,1
-1.417638831,3.6283226175024983,0.17954619165123756,-0.350676945,-0.202504669,-2.249743151,2.4906242439641484,-0.621706292,1.5736786522227344,0.3676485769704142,1
-0.888242797,2.9286176642100177,0.8968619532435907,-0.790041656,-0.630295417,-2.477334872,2.120777105,-0.393959444,1.0814443966607057,2.5974039514450835,1
-0.25207979,2.4268432382739573,-0.576717079,-0.09471895,-1.404846676,-3.303307744,1.9662293189869424,-1.248276283,0.539318237,0.38440487240089777,1
0.417836824,1.8493801821880909,0.32633005572749596,0.14499077066743268,-2.182797655,-4.093151973,1.7615297655584206,0.4139712772494313,-0.038718276,1.6457582405201634,1
0.6812534111368651,-3.127036439,1.5659356128211286,-0.738980214,1.1601892223638786,3.3354517192849644,-2.379735685,-0.009265768,-0.957729314,0.012450359038935158,0
0.8265734417020151,-3.499955804,-0.61202722,-1.573620722,1.181704788,3.567675336249919,-2.635888422,0.7404375201165215,-1.11918828,-0.968729676,0
0.7940092588034673,-2.215378507,-0.553555447,-2.003162479,0.2541578203374401,1.5585627677045524,-1.551603629,0.4772635122173867,-0.908085577,0.38649572535301474,0
0.3147709886545946,1.6128658180580213,-0.883365338,1.6064330153363264,-1.813142668,-3.441460067,1.5148374794247021,0.4456742813475033,0.002825202,0.5430954082789774,1
0.6021005155015848,-2.770047674,1.9338901698548732,-0.677405744,1.0302554927576584,2.9582343522277434,-2.108655532,-0.846925222,-0.8473758,-0.961472647,0
0.6992639087598417,-2.820891843,0.082608536,-2.379859136,0.8921386099259905,2.7900494145439416,-2.110206209,0.5266496520596945,-0.926419895,1.8799438586176789,0
-1.168351925,3.4535074248551108,1.8707523311170475,0.13332618403530583,-0.522776972,-2.608949157,2.4487112042186956,-0.252300559,1.3644175940513634,-1.282547445,1
0.6419625222503614,-2.601995727,1.6857858692017265,0.4941246606352936,0.8284533617598759,2.5814003278160635,-1.947769548,2.4992703095384172,-0.852290152,1.047029793426584,0
1.1410358534528595,0.9225554846334694,-0.40487204,-0.198812555,-2.789499258,-4.451367019,1.2811093484008145,-1.591683742,-0.706923062,0.3297641389285878,1
-0.137908841,2.198342655706333,-1.214853144,-0.186741908,-1.437485535,-3.225939268,1.8201175119564108,0.5838252373951826,0.4218595438092295,0.5489895095471189,1
0.8669184647155364,-4.073106944,-1.174662439,-2.952385862,1.5484811948219976,4.397400217637682,-3.108534957,-0.993758865,-1.23241173,0.41594269221016167,0
0.901897788,-3.173034782,2.2684515021798695,0.17853618844389274,0.7931785482843995,2.8403382023529318,-2.323866235,2.283899852420043,-1.127110541,-0.965271493,0
-0.54829696,2.9335252407605954,-0.471437844,-1.419961905,-1.253965947,-3.363634467,2.2716455380727134,-0.502543655,0.8315160631370537,0.2555113604856855,1
0.8497556860778048,-3.024947361,0.5288819908485238,-1.247959308,0.774486862,2.7337436449158927,-2.219746167,0.048617511,-1.067097729,-0.018311793,0
-0.094023422,2.426676052749942,0.5196605455370616,-0.19142196,-1.692938131,-3.711398357,2.0342810674234655,0.8588471737928705,0.4227584457456961,-1.756215545,1
-1.62907256,4.115321747460554,1.1890783816939232,0.7240120614015567,-0.191106589,-2.497047318,2.8157917807439534,0.8180242040608943,1.8004986652709696,-0.393142064,1
0.8007622897935592,-3.293590957,-0.111997672,1.3403981777476108,1.0702239333148216,3.2980863454480773,-2.470579489,-0.592853453,-1.070101507,-0.213078232,0
-1.601998341,4.114765151027567,0.9126733413746414,-2.050444878,-0.240049504,-2.566090759,2.8269972716753387,-0.16478761,1.780455695498378,-0.525039021,1
-0.069691371,2.6400131194439136,0.3127456667376397,-0.780891799,-1.901213113,-4.121901447,2.2271860539042168,-1.93571508,0.4358899554173767,0.1670658486706151,1
-1.280368967,3.6229926468539864,-1.477728407,-0.458387711,-0.448724874,-2.595715746,2.5452932206308936,-1.438988217,1.4716928772536033,-1.39575521,1
0.7637272735826978,1.0060047306394564,-0.13794316,0.3205730457478635,-2.165580504,-3.612514405,1.1896670058165673,0.21926183723972476,-0.416578281,-0.631044362,1
0.7317245709633089,-3.664669703,0.028327012,-0.458831168,1.4812123066352259,4.081136996182742,-2.817644845,0.39743344597817765,-1.073245773,0.6692740263829011,0
-1.358755937,4.137713132599917,0.1773424500954814,0.32406398062414005,-0.70123908,-3.231939334,2.9515670734818036,-0.560433253,1.6044546030826399,1.0682666297452421,1
0.8944205695904575,-3.107870007,-0.494394358,1.0374544904509098,0.7567479693408835,2.753469306190106,-2.271375379,1.586091762604876,-1.112106602,-0.528353506,0
-2.98211353,5.470659554918117,-0.257160249,0.9570258965901759,1.2349056196445385,-1.209809914,3.390847620450522,0.43335844970242876,2.9954988809480305,0.031950584,1
0.5939245045483957,-3.034605501,0.44568326736353064,-2.188053546,1.2484219411820332,3.4104611804536806,-2.338384463,-0.478833277,-0.879879286,1.375574782961032,0
0.3142576017809558,1.949405505691842,0.49783308615037014,-1.568220881,-2.070766757,-3.98853253,1.8023629833798471,-1.402457689,0.052219248,1.5687343572772967,1
-1.388988027,3.6052041410499753,0.35835732437353485,-1.219920052,-0.236988448,-2.286094859,2.483219183790881,-0.188699796,1.5491872232936217,-1.448807758,1
-0.955730583,3.619258016779126,0.6270681898550279,-0.385241692,-1.037842141,-3.428383507,2.6821678999163514,1.2201731806990332,1.2317920753771552,1.928930248438584,1
0.7560934796557304,-2.910778171,1.3449304562535362,-1.241988375,0.8575672240232025,2.789693200593557,-2.162540932,-0.236393957,-0.981412059,1.7492506850678031,0
0.5643600576165378,-3.189689771,-0.386855481,-1.059260171,1.4214832596282658,3.73955875,-2.483739903,-0.838657527,-0.88066867,-0.559499291,0
0.7843957883307386,-3.02439457,0.088796689,0.5658370279119348,0.893247633,2.901710253197767,-2.247473576,0.015965146,-1.018827166,0.523275928,0
-0.967524347,3.281045807531092,1.294325302955164,0.5102755773420053,-0.756490658,-2.846788205,2.3879023424733363,0.7353497441877697,1.191228533705687,0.10454152548431811,1
0.9224508502926233,-3.587829534,0.2713094937318645,1.456642162434227,1.0743823936944221,3.4631534290627863,-2.669654836,-0.521949516,-1.202677407,1.319940559,0
-1.580891639,3.7881200287129753,-0.129697182,0.26731068126159857,-0.027579763,-2.08834772,2.5568169369972327,-1.063242365,1.7173192348310156,0.6440018100199202,1
0.49875285723097385,-2.965004981,-0.442590291,0.5673529590411515,1.3684964962176887,3.542936245461694,-2.31993744,0.47069974521190555,-0.799571931,-1.26494837,0
0.8475361843680937,-3.87638087,-0.047097735,-0.261726517,1.4326825033371577,4.1269078371169545,-2.948693546,2.271297083041847,-1.189468828,0.6844486198476838,0
0.8078469780920684,-2.954377925,2.0075157594826356,-0.671312373,0.7966906512769918,2.7270268071303656,-2.17748998,-0.458392939,-1.025920183,0.27582346060877966,0
-0.665264325,2.608043034,0.6405497041673818,-0.040055644,-0.790608008,-2.531050743,1.942886345679716,-0.294123096,0.8703514054307869,-1.166524656,1
0.9709228164473177,1.668607530388203,1.7928334215606376,1.709832408783814,-3.052478444,-5.227562044,1.845599566314649,0.7288480774958701,-0.472839004,0.5254210767762716,1
0.8649846920816431,-3.096653812,0.30949936221217916,0.25971910923751496,0.8018077615606543,2.811244405,-2.274485693,-0.05058223,-1.088769851,-1.711722255,0
0.6797520646330856,-2.946779679,0.8563650263753404,-0.751556178,1.0244374005237202,3.0455982951683866,-2.226260937,0.9234418095860718,-0.930368762,0.8654244986633463,0
-1.560297498,3.8401233784814885,-0.571036174,0.5490322520279014,-0.105087399,-2.226296477,2.6101661710771262,-1.113755245,1.7097091708083239,-0.778566761,1
-1.288274338,3.491695997978106,0.7085111426305096,-0.14211487,-0.333435249,-2.361340201,2.4296215744039005,-0.340881657,1.4583987520656208,-0.712746278,1
-0.860807952,3.120773575656756,0.38337609146645435,1.8698059211207438,-0.827955143,-2.861339348,2.2969105785254142,-0.13876452,1.0892032648608725,-0.319101565,1
-0.802891229,3.370642422433373,-0.850498348,1.1952265617997724,-1.12553967,-3.418142971,2.5355412197131897,-0.288329585,1.0828933869857373,-1.362163424,1
0.5754775958813563,-2.61585676,-0.173780994,-0.788530572,0.960339657,2.775761267498429,-1.988306419,0.8145683576208073,-0.805289412,-0.361134604,0
0.3499251044269062,2.1871288725152005,-1.410683149,-0.434184006,-2.318447994,-4.468060527,2.0210094324655152,1.823821189709393,0.060544852546722844,0.3714753228676492,1
-1.097643889,3.508553105702565,1.2995759258977368,0.4312546246948942,-0.694005994,-2.881332449,2.526283725927053,-0.138734892,1.3203015049885312,-0.057705409,1
-1.444752044,3.8751955477726674,-0.576308617,0.20779853414880195,-0.342733158,-2.581976884,2.690006474854729,-0.379650225,1.629625263393333,-1.340142496,1
0.7776590537652195,-3.046401718,-0.981996242,0.5770268906628215,0.9224401280637656,2.9549767826391165,-2.269196671,0.6089503059137592,-1.017065395,0.49292084072563863,0
0.7019873308693921,-3.053551592,-0.049429882,0.018777202651815473,1.065922666056873,3.1621372481399876,-2.307959107,-0.331699018,-0.962313751,-1.949968583,0
-0.728742027,3.669218150068949,0.4496381550507315,-0.252725685,-1.490145582,-4.096254654,2.8228206851020596,-0.889691481,1.0717091957192961,2.1013979691040547,1
1.6681693564129665,0.18392586445072157,0.27877954810031325,-0.605974118,-3.183258767,-4.609684535,0.8770047874582783,-0.365794818,-1.203158353,-0.424686412,1
-1.310443365,3.503593703,1.476024237157123,0.3941780916320809,-0.302150346,-2.323450669,2.4302293038115637,0.2322301208445777,1.4764768910358956,1.0126134097864263,1
0.4976831069026601,-1.944363564,1.9106311868931527,0.5731055103541409,0.5862980541710977,1.882542308681411,-1.447733671,0.8515708876105749,-0.650131269,1.4613263844218158,0
0.5428174402269287,-1.994827341,0.3965977561457152,1.1426072840052424,0.542765265,1.8481626283011097,-1.471407464,0.821368314,-0.690758777,1.1222572194645977,0
0.8024711833676591,-4.096315771,-1.357147154,0.19395255028882652,1.683833613045058,4.601729023512011,-3.156185188,1.4816554349098594,-1.188274816,1.1153395956215888,0
-1.276688106,3.6139222925262535,1.6846387458477434,0.2601584148881591,-0.448468353,-2.590445478,2.539126054918848,-0.740968481,1.4676579094350801,0.6171927872678381,1
-1.491225251,3.6717467473865892,0.41930458104043994,-0.178789891,-0.101680264,-2.130381847,2.4960031397815254,-1.584308368,1.634258677513588,0.9530632174674211,1
-1.092489667,3.434782911334171,-0.993246186,0.6338271821571527,-0.646727908,-2.774439011,2.465432818,-1.116906398,1.305756977,0.4536000329004801,1
-0.148576513,2.632892242965523,-1.134910012,-0.853901901,-1.751893099,-3.906485868,2.1870619554215183,-1.162253912,0.4930150868766195,2.4377820305115345,1
0.3704303128677434,2.134578250860714,0.2224788073420911,-0.467565739,-2.315465629,-4.435406498,1.9849249178671404,0.16702191590131205,0.037772533,-1.281314639,1
0.6797214764897413,-2.23134152,-0.621183937,1.7673124898457488,0.47482879916733867,1.8798549929114987,-1.614562655,-0.879331154,-0.826145789,-0.05783956,0
-1.270953136,3.8871057170222656,0.22286597491100232,-0.716156913,-0.668810465,-3.050421102,2.7751768081033363,-1.244574472,1.5032174625313104,-0.419175325,1
0.8926087371330864,-3.145900129,-0.462521522,2.157077546656945,0.7892700762364053,2.8201213810799044,-2.304673492,0.6386531909564477,-1.116309653,-0.599182575,0
0.7345538230822648,-2.645963041,2.891033375683993,1.2881383657558052,0.6933903858259314,2.413822109783939,-1.945413067,-2.670050893,-0.926961646,-0.227824294,0
0.39935195000501317,2.0532163249843425,-0.911553803,0.7322202878828523,-2.305695389,-4.377548956,1.9278375968574162,0.6163995894231508,0.004598515,0.1479358429793442,1
-0.330301555,2.4473680164476783,1.3561114310178217,0.9889246543530075,-1.277976243,-3.134655308,1.9500289326857472,0.9236262926908554,0.5999807261208924,1.3588197657844852,1
-1.485334671,3.7424139809284425,-1.698086277,0.3177929726986432,-0.166714859,-2.260754894,2.558966333743847,-0.432187631,1.640207906288881,0.3013479231987081,1
0.6318104596983884,-2.246259943,0.024163550426053393,0.6483117580886586,0.5736574699201337,2.027950408860584,-1.647989749,1.4637351388500592,-0.792993654,-0.802573283,0
0.9228799086945468,-3.525253077,-0.50286866,1.3243201653192658,1.0255230933899868,3.3600751665983566,-2.615965807,2.2323193933982832,-1.193879767,1.2444739763493184,0
0.8567983751253173,-3.339130709,2.391530337664896,-0.158382563,1.0030284337746638,3.227516496375297,-2.48533951,0.6480722024652472,-1.118049748,-0.898268658,0
0.31185835687978414,2.2693369626763094,0.41736471331340613,-0.634390352,-2.312191988,-4.503669107,2.074874506,-0.661758911,0.10058482806578269,0.2560389678869142,1
0.9534889592463759,-3.920038835,0.066443471,-0.067126729,1.2730168613368673,3.9243040949122348,-2.94030765,0.9863776843955234,-1.273946722,1.3181925637326064,0
-2.718090721,5.162882078018473,-0.850190136,1.4211753114890977,0.9899156809785533,-1.390423413,3.2416075489370146,1.023514258563851,2.7560076248832077,0.8330059475735274,1
0.7865679315210412,-3.06206078,-1.471494464,0.39236285111137736,0.918225267,2.9574761091063215,-2.278741621,0.17670760226980764,-1.025914611,0.11964361627558565,0
1.4217769867911063,0.4470391905205533,-0.058358894,-0.760735319,-2.936103348,-4.401840775,0.9956630650975009,-0.137552629,-0.98317121,0.6958973750295715,1
1.0886282050204488,-4.075628802,-0.227298536,0.023939743,1.1461252296706539,3.8286882735829124,-3.015032732,0.347679296,-1.396246294,-0.862187808,0
0.666971622,-2.608999225,-0.833856765,0.5290730965545799,0.7882293379999112,2.5281978095155186,-1.942967278,-1.138061216,-0.871749466,-1.003216067,0
0.3812762173247264,1.6289879727186185,0.5869751768372359,-1.707583828,-1.946803184,-3.639558008,1.5573164061875022,0.6156134923822673,-0.043861185,-0.761327035,1
-0.698412668,3.236435178318578,0.13874464169664288,0.013395826556767645,-1.212948889,-3.469385798,2.465869920419793,0.9217476489540095,0.9863143311007238,-0.224521848,1
0.6893724745994092,-2.967680229,0.4299377741770432,0.2568137382702792,1.0229520279972217,3.054800389897202,-2.23998045,-0.717929534,-0.940505993,0.5526909841114118,0
-1.419220549,3.5920507489563627,0.2505277166098717,-1.029729752,-0.17175303,-2.186550724,2.458928750140099,1.144216287158886,1.569562020093375,0.5709143973869972,1
-1.027795511,2.541481614925347,-1.274097748,0.1547206538433975,-0.078384439,-1.485932105,1.7295582247980354,0.4004975589917186,1.1279523750767646,0.21063272485082776,1
0.5682436013872005,-2.419260098,0.9041726922602499,-1.122361053,0.8224876761379446,2.474092793432999,-1.823334181,-0.942754461,-0.771322327,0.26172850034074324,0
0.7991028034182234,-2.771888219,-1.015418651,-0.287212338,0.672430764,2.452247713825218,-2.025231002,-0.785848113,-0.992894254,-0.053471798,0
0.8502248001810891,-3.579301125,0.2567106262472354,1.514858991,1.1995361804798568,3.6358633561590357,-2.693525416,0.35714936411225495,-1.148182795,-1.633356807,0
-1.336118468,3.6350679443140175,-0.82415039,1.392531553,-0.356341544,-2.471355262,2.5315642280761517,-1.608816541,1.5145558680657099,-0.746187517,1
0.3508162236912362,1.8361775089080767,-0.238969205,-1.814664652,-2.050440356,-3.898479848,1.7213246824614021,-0.061337147,0.008773306,-0.580052022,1
0.5359288471395572,-3.667080477,-0.418698642,-0.041825872,1.8401030829384983,4.590933909091596,-2.904183742,-0.23865735,-0.929236108,-0.247737188,0
0.7583210390092665,-2.905186621,1.0181209117236667,-0.569053197,0.8492092762555165,2.7748264017479514,-2.156798965,-0.955202084,-0.98224006,0.8744633448965237,0
0.4160221274963269,2.1849802417977053,0.6119577701165583,-1.573437316,-2.437326864,-4.635331156,2.0476904114122716,-0.322504097,0.011498377563353297,1.3589460801822402,1
0.6899945853566317,-3.107401456,0.7500303082611386,-0.622552969,1.1291640916822214,3.280871905582787,-2.359176,-0.122602136,-0.961314459,-0.337935593,0
0.6650019809641692,-3.353140313,-1.25465047,-0.890959171,1.3635375991251668,3.745881072208185,-2.580070054,0.6013371394457999,-0.978678119,1.0778599213849658,0
0.79279631,-3.370471295,-0.995444575,1.761766743012565,1.1438165423977071,3.443945898769651,-2.539750437,0.4345251544877321,-1.075425448,1.9802771485816273,0
-0.718706541,2.9289677077459735,1.187986906679476,2.473024930037474,-0.93971813,-2.915928387,2.194224183779522,-0.24549338,0.9564957808430273,0.3146872503212772,1
-2.231362991,4.591900999370485,-0.398487528,1.1493631885206426,0.5410343591578273,-1.717533385,2.963411872066298,0.39787159983222165,2.313980905383972,0.5701120797902981,1
-0.489261803,3.1500657867295128,1.2792002192253284,1.4463624242408128,-1.52798415,-3.869018534,2.4822624875613193,-0.947973728,0.8195274395476991,-1.269319276,1
-1.057977882,3.028242888266552,0.1526573208197131,-0.865436615,-0.397320188,-2.201139567,2.1327247509849165,-0.489866993,1.2211005668768842,1.4497050765552617,1
0.5825959726851402,-2.957465775,2.0498063143230993,2.659901869,1.2098140911376105,3.3140292999801395,-2.277316506,-0.16209623,-0.860291663,1.0713681516199227,0
0.7547543,-3.264764476,-1.6145259,0.8049675156988233,1.131973588183227,3.3699817061557242,-2.465782888,-0.641457028,-1.031981225,-1.068731355,0
-0.746601189,3.2432556072641265,0.11897260241862795,1.563709025725519,-1.130315937,-3.355997349,2.4509101740485137,-0.597502483,1.022837239834935,-1.571084162,1
-1.463270496,3.695904827330921,1.1910092367352105,-0.703877822,-0.171216913,-2.241973403,2.528720003095136,2.0930287323542727,1.6171660693414232,-0.234947474,1
-0.893309954,3.1460971438675616,-1.786257589,0.12944381363132124,-0.788142754,-2.81863072,2.304539397947689,1.4838071145210494,1.1168553562181598,0.5329059653950571,1
-0.409344839,2.6956390471228975,0.060098925,-0.372236922,-1.324583043,-3.334997916,2.128200914662972,0.4415783916533208,0.6944191637158083,1.240865299,1
-0.881626029,3.5795799669947543,0.21359593551865702,-0.273520846,-1.142489453,-3.555187808,2.680215517329759,-0.582833414,1.1713756291048936,0.1997464499979938,1
0.663144866,-2.321027836,1.3347746412737982,-0.812405375,0.5739618304816188,2.068829067752039,-1.698398054,-0.270254678,-0.826986221,0.7707537321565917,0
-1.267862853,3.1698676469999594,-0.024548182,-1.107418077,-0.123398441,-1.889649998,2.163259702108394,0.2008025843399218,1.3964764184483096,0.4437140365327749,1
-0.35895673,2.7775785954260392,-1.072205246,1.2349650472772187,-1.479420453,-3.598705691,2.220000942291185,-1.534069778,0.6692019920342975,0.641023389,1
0.3856417233460841,-2.229611699,0.056486769,0.6366854820349523,1.0097618822269185,2.6368366887966976,-1.739966711,-1.14898513,-0.609067951,0.30376678625213643,0
-0.435422104,2.5719100200082368,-1.478611264,1.455754080619727,-1.18197063,-3.066004084,2.0111593004940733,0.44347463157315503,0.6956254215605939,-1.256046106,1
-2.06789538,4.194158100453539,0.13940773739057893,-0.060750456,0.5485290250093516,-1.491746349,2.6938645231577416,-1.585627228,2.1355262344571235,-0.024574336,1
0.7362383611171709,-3.423488711,-0.381481194,-0.712835116,1.287684214725065,3.676465151777749,-2.60948359,0.9206607631083167,-1.041446854,1.9095894124713353,0
0.5557787476325928,-2.604807682,-2.159968766,-0.624286461,0.9877721177550427,2.8086515682000166,-1.987358501,-0.925464872,-0.789156141,-1.238200508,0
0.8616372464397644,-3.715721136,-0.72862434,-0.145891014,1.2835354932380298,3.8286769682057527,-2.805242794,-1.287746336,-1.176466201,1.558906516033371,0
-0.933001062,3.1131594343182183,-0.242752707,0.2946628038797808,-0.690459254,-2.662409882,2.259252061825823,-0.455935632,1.1413224985169055,-0.043951399,1
0.7332459038767808,2.0001798772714556,0.3629672374427257,1.3845344335853542,-2.873812307,-5.153791505,2.0265517952608763,-1.919991407,-0.249307039,0.32702070030931885,1
-1.184769559,3.1880416138904537,-0.223536275,1.3929019741101398,-0.288884114,-2.133949243,2.2146500170211016,-0.943350136,1.3378584379202187,0.5912221380521142,1
0.723400792,-3.472921511,0.9861793371957099,0.4896980504873048,1.3490726091632415,3.790184837085394,-2.657288325,0.5987946415022984,-1.039181345,-1.518275938,0
0.6389451908624393,-2.77388585,-0.855448675,0.17288815239663724,0.9660171025420486,2.869294834693369,-2.096040304,-1.266070946,-0.875100505,0.4609019869687543,0
0.6476717515365861,1.8056750679629574,0.21348410043013066,-0.853625722,-2.568329404,-4.615747565,1.8233253023055367,-1.008628426,-0.214541725,-0.057046785,1
-1.124409926,2.9940425778001227,0.5786811003369674,-1.260023531,-0.249903849,-1.973771952,2.074820277317205,-0.3738599,1.2650999909330691,-0.001884996,1
0.5920249520579168,-2.936288195,0.3985297828704729,1.1509404523804105,1.1763495670516066,3.255158739214128,-2.255141115,0.8632204505702533,-0.864159257,-0.321625443,0
0.87502373,-3.553850865,0.043179738,0.3273518640366764,1.134761491945175,3.5303197272705895,-2.661065324,2.3263808543913416,-1.162760403,0.5416787414868239,0
0.7601853584514858,-2.945672691,-0.487205181,0.1971604293349611,0.8769147062880323,2.835982592364406,-2.19061085,0.6521183471476163,-0.989511247,2.622236186935234,0
0.5820985250915468,-2.702182687,1.407818203594049,0.13316099482030833,1.0145896148103208,2.899325085074451,-2.059259864,-0.564398767,-0.822744035,-0.97387965,0
0.5967210736794459,-2.060821199,1.8288784827865714,0.00718571,0.49517304376420745,1.8164327170695647,-1.504576149,0.10996719259974996,-0.740113805,1.4400804210668057,0
0.908947062,-3.174840908,2.149700798382019,-0.917590577,0.7817116430970699,2.8250684361775087,-2.322369036,-0.570090415,-1.132571046,-0.54900104,0
-1.059975891,3.617065269449621,-0.258154503,0.44479447559768026,-0.84606344,-3.155476517,2.6353155855866355,0.25917625462980054,1.3083330942970635,0.2003921164991856,1
0.5431931197724018,-1.73464527,-0.243315076,1.2396589384801249,0.34218477617788495,1.4232195523975393,-1.248785393,-0.674847298,-0.653141393,-0.429385606,0
0.6706422551907042,-2.763772161,-0.33551736,1.4876803916217864,0.9004464285382402,2.7709200914402685,-2.073716978,0.9441611403978812,-0.896997832,-0.886355312,0
-0.278412403,2.745344728776486,0.4317509602644919,-1.364058928,-1.601530157,-3.754278605,2.2271919521379258,0.20774166173675562,0.6051216931804124,-1.627345124,1
0.1784783880520887,2.0103762536566774,-0.54464162,-0.509365509,-1.870013074,-3.737079138,1.7959109459820468,1.4264889076177611,0.16120979730364396,-0.519160899,1
0.40105368721786633,1.5432493127272122,0.9335345089283061,0.9517730229055243,-1.916995712,-3.550943111,1.4925415802700737,0.025784427635830935,-0.070930632,1.6219292434517738,1
0.5433888857248088,-2.646557739,-0.603086527,0.7233786621389094,1.0424415277055459,2.908695332895771,-2.028401197,0.2484889884196579,-0.786101771,0.016110092,0
0.5561087658333349,-2.684932564,2.472758705191487,1.8837887154797095,1.0487295111575659,2.9383641860795073,-2.055724214,-1.545673145,-0.801069301,-1.103827407,0
-0.625058778,2.7628934683436466,0.12921448724073648,0.1990075432210929,-0.982893995,-2.887260198,2.0926330401637103,0.4865737004078295,0.8632610179794675,-0.77347832,1
0.9301476725486381,-3.003971193,0.7799935222728609,1.022308223067144,0.6117741893060037,2.4918573964249138,-2.167125424,-0.325883221,-1.123315899,0.055131113352336156,0
0.9220667163643553,-3.176258943,-0.847721906,0.880185743,0.7588770739345515,2.7934825003833876,-2.317920899,-0.812728,-1.142450738,-0.973909429,0
0.8271716764668189,-3.699424165,0.19440886829141377,0.20436567509279852,1.3338635487135233,3.891167817766825,-2.806179062,-0.23698757,-1.148681049,-0.124529138,0
0.561880847,-2.56301359,-0.342576948,0.8550330169012382,0.9445347746300982,2.7247814531674686,-1.948991061,-0.153550616,-0.787568112,-0.799218841,0
-1.203076641,3.5774384564307025,-0.301786341,1.1422756250274682,-0.554670589,-2.72118085,2.539692030791682,-1.228034358,1.4080702422530156,0.12519582715151903,1
0.7735202924788013,-3.397462063,0.18663561010187127,-1.145127282,1.1997036137143295,3.5377305214804573,-2.571144784,-0.434498207,-1.065144269,-0.964617164,0
-0.519751915,3.213164563721687,0.35518410685645807,0.32870858591434526,-1.520862831,-3.893063475,2.5230577825978515,0.6298751654057998,0.8511979511391338,0.3163223268819112,1
0.7553017233397731,-3.57229677,-0.866861688,1.5665456483937295,1.3672495034926768,3.8696980395836205,-2.728491904,1.9098983933722273,-1.077175568,-0.013570037,0
0.7008249466796764,-3.218313874,-0.538182692,1.4674237574244824,1.1946276090442483,3.433624236740535,-2.449335108,0.7760006218478427,-0.985453623,0.583451013,0
-0.783366202,3.095494513476356,-0.451775401,1.215279929011341,-0.949750525,-3.02022928,2.3087094290254564,0.4282645887755625,1.0284234430416372,0.02213094,1
-0.440443038,2.926163779441053,0.11851256923012266,-0.79501452,-1.444984642,-3.630296074,2.3118858115430907,-0.293154467,0.7509228733091424,1.0847957673398412,1
0.6946643876625613,1.3795759077245495,0.3221381744469162,-1.988556115,-2.32665374,-4.042822279,1.4792788124522611,0.5750339006337132,-0.311249007,0.011867793127635091,1
0.3781065679144626,-2.144284697,-0.198964402,-0.66123688,0.957946505,2.5172626882214595,-1.670261815,-2.054219242,-0.591084756,1.2677200954600192,0
0.7112736315281951,-2.954787342,0.29218544520167805,0.008006246,0.9731092145928875,2.9772061220026473,-2.219507387,-0.118351395,-0.95477599,-0.907319602,0
-1.92697,4.437662415536784,0.4251763142810662,-0.853629132,0.10446586032726227,-2.252644516,2.9628681388919427,1.5626832380803386,2.0670868551503294,-0.247929563,1
-2.201020047,4.805233647009084,-0.819128148,-0.236679558,0.3218017524295919,-2.143559345,3.158906528374259,0.9225156306645756,2.322679921868084,0.083617367,1
0.7956342750279709,-4.148332344,-0.037627829,0.6698209459530691,1.7362647352034983,4.704155390830538,-3.203610059,0.35213846934366066,-1.190809928,-1.40486191,0
-0.05204385,2.314103834213705,0.8517042877518662,0.9434759863512603,-1.683000802,-3.636420143,1.9561423804838496,0.089770578,0.3754111310277825,-0.149726187,1
0.8821134739211514,1.2759141851356137,1.2355884393406957,1.9000165256063608,-2.588829708,-4.35820688,1.4715227425488866,0.6104023299606858,-0.464553663,0.3199805267788101,1
-0.27792337,2.375809878467107,0.18260179282652633,0.049340331,-1.318511785,-3.15337687,1.9114445293950353,0.626670491,0.550940003,0.5627587601128946,1
-0.721500229,2.903902903824512,0.7861751162686729,-1.479685331,-0.915366714,-2.867866808,2.1715880016911453,0.5687290838453153,0.9549049974859682,-0.944610185,1
0.7000274648245828,1.6491751243742916,-0.593285458,-0.919059315,-2.543563982,-4.495996514,1.712104552430862,-1.319997541,-0.27593728,0.2916092497298998,1
0.028762296565085815,2.845185066839509,0.935416241,-0.507135165,-2.238377608,-4.710603942,2.4450900972944005,-1.44826778,0.3931821581633461,0.3857475590967103,1
-1.256737618,3.5692259594840636,0.24689815288489542,1.3538538230291024,-0.450508817,-2.569156981,2.5095177485894737,-0.255907702,1.4464385296590865,1.0427568459929357,1
1.0412735706949123,-3.941812646,0.7361272817083293,0.662673896,1.1296679497767494,3.732979896306993,-2.92104924,-0.670488574,-1.341841843,0.003319264,0
0.5783911914682862,-2.380502221,0.8565349719678187,-1.76705476,0.7742059705004478,2.3847181072190837,-1.785817294,-2.248331275,-0.773159262,-1.10486954,0
-0.66837228,3.207388676859371,-0.65812145,1.1088714854247164,-1.245412167,-3.499667865,2.4539958483072715,0.38700368930053264,0.9599349661566603,-1.535784161,1
0.7854837640846778,-5.111265254,0.3387657750035093,-2.141812853,2.494586715221611,6.299501315739803,-4.031313171,-0.370100656,-1.323572867,-0.152063061,0
-1.218530198,3.1824935419820806,0.5642290883036157,0.931453846,-0.223058178,-2.037682709,2.1953400233511204,0.4455388366665301,1.361942207969183,0.7869183908239589,1
-0.709569662,2.733347912033302,0.5549285197559861,-0.170280549,-0.806086626,-2.620768134,2.0309081974992114,1.1661879774224784,0.9212679695316351,0.44882025646499957,1
-0.634091345,2.7426389397082787,0.45304041283980323,-0.479939465,-0.950861511,-2.830917962,2.0714179086853655,-0.914645447,0.8669707741698003,0.3688463176882216,1
-0.441838663,2.455645847,-0.766842219,0.18168696131058762,-1.0809452,-2.859970865,1.9089830299462183,1.250564920074539,0.6834230054729786,1.0334138821986194,1
0.6233965808205665,-1.974647802,0.9074614946670571,1.2175639701303338,0.3803233548450969,1.6070909632439416,-1.419387104,-1.529569197,-0.747230962,1.1016391731849815,0
0.4553552906348378,-2.495052129,-0.34703855,0.5562018666273603,1.0865727520725506,2.889261979218466,-1.936844196,-0.142349338,-0.699128207,-0.98808183,0
-1.630224612,4.127503346973982,0.034947381,0.3376354499533022,-0.1983648,-2.513920999,2.8257101878733923,-1.516334896,1.8031222733580226,-0.395397275,1
0.6866533964820254,-2.631458572,0.12900717570740594,-0.20059772,0.7695944141276211,2.513944907884036,-1.953678531,-1.336885331,-0.889532003,-0.599464695,0
1.4479062003150611,1.1190470487789306,-0.966584009,-0.99978507,-3.500047939,-5.564401329,1.5815145779877209,-0.519155056,-0.904561371,-0.979794085,1
-0.594573149,3.076926744,0.782752345,-0.577201799,-1.279754133,-3.477748711,2.3742899645398836,-1.204473412,0.886521436,-1.076724154,1
0.9813267910246346,-3.220996838,-1.361107306,0.452667177,0.6851864869749824,2.713276333532044,-2.330604303,0.4150645112217908,-1.192659249,0.23767456534484477,0
-0.149798384,2.1157642707899376,-0.02045052,3.281190973,-1.35236045,-3.060657488,1.7443817852181835,-0.938851013,0.4185985619649438,-1.264447537,1
0.32993606842883333,1.8122498652209018,1.8798655339539156,0.9879386622797655,-1.993981466,-3.805542116,1.6918572392365214,-0.324823979,0.020683351599987475,0.7876097598813628,1
0.8918023491486449,-4.02916162,-0.810772281,0.4467607464021769,1.469342006519994,4.261498979184225,-3.060224625,0.9725083474799612,-1.24435825,-0.401909188,0
-0.695300178,2.812840747616578,0.9718821573643784,-0.652614512,-0.893180996,-2.787170887,2.105032572923262,0.3914066695586282,0.9223248173808899,-0.10914473,1
0.6019134071772879,-2.639771613,0.6317823408521647,-0.513928996,0.9305068225799736,2.746430048,-1.997348071,-0.950324415,-0.828263709,2.131446800142692,0
-0.154883844,2.5878883144603657,0.21431017300251853,-1.092111294,-1.705815424,-3.816855006,2.1458615022090997,1.6153381573969554,0.49111087679720206,0.6878492003426898,1
1.0608653512842292,-3.831615672,-0.617609195,-0.581095424,1.0092785336654475,3.5027930940101055,-2.81837597,-0.46367521,-1.340237219,0.7520313445475463,0
0.8884661441680728,-4.276146566,1.9103767775996507,1.1664771856676792,1.665181864,4.672586020691849,-3.272840277,0.4702831503336601,-1.277870727,-0.859724054,0
0.8267715255556202,-3.223907276,-0.575660785,-0.120289862,0.9692581000348433,3.1173363629360726,-2.399776891,0.17626126907194792,-1.079129074,-0.281862775,0
0.7599813894360409,-3.878165354,1.3237214325723035,-1.379619513,1.593711954066229,4.356027033018024,-2.987995531,-0.957554292,-1.125174314,0.5372943019644618,0
0.9379499420140157,-4.307055572,-0.038707854,1.3523794936063123,1.5986939673604188,4.595103894678369,-3.277917806,0.6357802625729271,-1.318857043,-1.834146623,0
0.5904280669004829,-2.283464954,-0.845312867,0.052225785305092386,0.6777035988948213,2.1954946029586946,-1.697655416,-0.175292296,-0.767901035,-0.686566451,0
0.4833930305939365,1.840559415136693,-0.548584308,-0.595531546,-2.295564193,-4.248152925,1.7822726177268422,-0.777032871,-0.088337772,-0.675704167,1
-0.754749495,2.6816323712674914,0.6668080938869243,-0.382892137,-0.683967461,-2.419767435,1.9671973496330413,0.6383379021894247,0.9470470574236514,-0.459478601,1
0.7668290831588687,-3.189351849,2.7186857792490673,-1.12388847,1.0520160968834378,3.2158980906781567,-2.396094079,-2.350135709,-1.029900483,0.6922264205365017,0
-1.309371316,3.2404194931638197,-0.780332268,0.44125055331938495,-0.101910995,-1.897372268,2.2056735383549757,-0.097860097,1.437356300504488,0.12979214290724517,1
0.397294074,-2.746664199,-0.777964596,-1.322286095,1.385760068628556,3.4492795446039515,-2.177027664,-0.472988097,-0.692965687,-0.803298879,0
0.815949844,-2.788009759,1.4431479046444275,-0.401906489,0.6540957729344195,2.434991187007629,-2.031746394,1.8772255945005694,-1.00766366,1.7127771663687887,0
-0.302860598,2.8592566778280055,-0.12214553,-0.559573295,-1.644465711,-3.876734961,2.314040184918425,0.2114907144692887,0.639738196,1.0766088995187517,1
0.45415497017271217,-2.950106894,1.4833113105641282,0.4290527469933994,1.4383758457563476,3.6338850154662703,-2.326441448,-0.751813983,-0.764519932,1.5571012181382646,0
0.5942217258891059,-3.199541009,1.1172194418277017,-0.832439152,1.3745983433270919,3.6784593281638873,-2.479278817,-1.172436637,-0.904120559,0.4581246207458531,0
0.8470044642410359,-3.112116596,-1.726960192,0.46711842487621563,0.8464750861309902,2.88289605,-2.295464343,-1.218930992,-1.07776506,-0.1495772,0
-0.831745344,3.6477492099145112,-0.625705255,-0.091063482,-1.285821968,-3.795145558,2.760022773688284,0.5107150526174741,1.144526998010108,0.4909738966897718,1
0.8759902266858911,-2.798733469,0.5822147078369942,0.9759711232162851,0.5528494970595434,2.2973421056880934,-2.015010436,-1.663866033,-1.053493478,-1.81330926,0
0.7712650569033151,-3.679714074,0.6370266886920405,-0.068319612,1.420667648557557,4.003493176784875,-2.813447969,-0.326112464,-1.10459024,0.5171155231145053,0
0.5529925130435102,-3.135008482,1.7588302590029334,0.6973444890826236,1.400201155397364,3.6798241862756087,-2.441891113,0.4830948859767037,-0.864323256,1.1486030789508033,0
-0.292243413,2.365371538939558,-0.977124659,-0.383077469,-1.284379137,-3.099369322,1.8963410782840857,-0.005781005,0.5599779158826544,-0.664028653,0
0.6419689010892784,-2.22962599,-0.11741897,0.9785525162334888,0.542353579,1.9745991116079398,-1.629384502,1.147242195671858,-0.798060841,-1.453784847,0
0.8318330362136319,-3.105346485,0.20944990727738597,2.301734132921759,0.8689391682192451,2.911061733415379,-2.296221622,0.2849088526803242,-1.065593083,-0.095278139,0
-1.036635712,3.2953980460049257,1.6694025004191713,0.27769866959069855,-0.641490974,-2.691615607,2.3703550882333384,0.972413436,1.2442748939109627,-1.160446043,1
-0.097849718,2.6756511025508747,-1.612946828,-0.689323376,-1.87724596,-4.10722289,2.2455079739509833,1.816513062600218,0.461841706,-0.001954068,1
1.0870176432407779,-3.193194035,0.6943080286257299,-0.216987891,0.4710958346666781,2.394902404118594,-2.261231275,-1.651446522,-1.26653608,0.5290809935142715,0
0.44777224092135975,-2.113108252,-1.080212108,1.917937839,0.8069567682836046,2.286467950801913,-1.613547621,-0.622158552,-0.637908757,-0.780344311,0
-1.642526656,3.8916091304294067,-0.132903061,0.035680089,0.005303596,-2.097741915,2.618708908266183,1.6462201922973025,1.7778356529796886,-1.508887844,1
-1.329868624,3.8120759215321924,0.5690981712039681,-1.708007982,-0.503731855,-2.775941122,2.6856055273298405,0.48695140603744863,1.5357282715109346,0.21116692614848212,1
0.006416802,1.6238792290771051,0.6959833960716801,-0.23400142,-1.259312278,-2.662725982,1.3912122270132667,1.1285978156859768,0.23177973742332483,-0.500874356,1
0.7533694257514294,-2.879449719,-0.128234725,-0.024249131,0.8384652532941821,2.745680807613124,-2.136929901,-0.141380983,-0.974840754,-0.194327225,0
0.41005150387087813,-1.90958943,0.387590376,-0.421902767,0.7193799256010258,2.0522868721723393,-1.455810572,-0.862617531,-0.580455521,-1.683552451,0
-2.125076686,4.646290791081243,-1.34192635,-0.658119177,0.3054313497070563,-2.080769848,3.0557741291259926,0.15019317235836913,2.243537322,-0.458340486,1
0.9306335245178766,-3.737912605,-0.025354111,0.8103544864075304,1.174768479704092,3.6865759149384107,-2.794447867,0.041037406,-1.230569457,-0.079635941,0
0.828735041,-3.58502959,0.2244242427163629,-1.154042173,1.2431244410204703,3.700720129187824,-2.707695279,-1.144049514,-1.133172656,0.9004350965532415,0
-0.876409809,3.364840145107702,1.1869282786302582,1.0565896820520944,-0.987018789,-3.218741421,2.498859992,0.2564984461769503,1.1362537839537223,-0.350885056,1
0.910818776,-2.940418862,-1.326503655,0.9019300691451421,0.5981942801678949,2.4382366557532413,-2.121126737,-2.345858478,-1.099808527,-1.465588278,1
-1.332320488,3.5460689042854536,0.1449493844584391,0.9405253539439739,-0.294890138,-2.336142023,2.457107243481657,-1.151605444,1.4987932870734988,1.0118669860591658,1
-0.447965034,3.016736412116962,1.4935980073243618,-0.53081278,-1.500854185,-3.758451948,2.386081487407141,-0.246231815,0.7696603690920228,-1.048710105,1
-1.402897272,3.6766460181500524,1.6663424200608086,0.9268623321852181,-0.266512698,-2.366574298,2.538301916568517,-0.954946301,1.569847746825161,0.1953553310794387,1
0.822252742,-3.511623894,-0.020766774,-0.841269908,1.1985481809515486,3.5978519447692157,-2.647729033,0.9974892453348746,-1.11770202,0.5568665481861055,0
-2.161459552,4.279066375525387,-0.567830085,-0.568577559,0.6539115040346216,-1.388368769,2.726093488220834,-0.005095146,2.2168779002822188,0.32738160584027626,1
0.6072098563136216,2.1666339977884896,-0.975307217,-1.109723061,-2.77186742,-5.099398581,2.1144935567303045,0.20356293762542155,-0.132136967,0.087723521,1
0.6278660210111423,-2.955880022,-0.383165562,1.5450742016275643,1.1260446599063028,3.1944831159501286,-2.256428533,1.0189324320559796,-0.893438449,0.047171128,0
-1.777098592,4.457308970941634,-0.415174395,-0.908823857,-0.183922818,-2.671874951,3.0443294972531465,-0.226857936,1.9594476440685618,0.3598239717292141,1
0.30457237016006167,-1.755166974,0.5234029187596554,1.107590455315345,0.7930825584742155,2.073173697140589,-1.369286637,0.2642959230215459,-0.480194483,-0.03140137,0
-0.158856885,2.226371372243532,0.8100829241299906,1.4555349039229954,-1.420820428,-3.217490172,1.8350443260516724,-0.122582401,0.4413868603038809,-1.17762604,1
-0.599735076,3.0512351584186264,0.7522719567247023,-0.682329049,-1.250602621,-3.422547065,2.350096077815656,0.076881779,0.8865854743486853,0.029571501694531807,1
0.9184385180916054,-3.099511631,0.3751119085570209,-0.601233078,0.7065289535386564,2.677795066769594,-2.253866091,-0.495897819,-1.128597748,0.33054397165707977,0
0.6817284330381366,-2.93176428,-0.071761728,0.44947721783616645,1.0092972520398242,3.0160241166680626,-2.212569802,0.1659552536748425,-0.929639018,2.046804837177192,0
-0.973278546,2.9474449561812563,-0.437032675,1.281448723944137,-0.489695345,-2.288311366,2.1001853919863898,-0.232163564,1.146883625487908,-1.052227972,1
0.8156348430732031,-3.13643756,-0.179284101,-0.74842102,0.9223639741305538,3.003575863,-2.329793847,-1.017936245,-1.058178385,-0.602385886,0
0.9321567174829475,-2.636868862,-0.386734676,-0.65875786,0.32606938985403255,1.8884653356827177,-1.85238003,0.9577473554383188,-1.071330334,1.6992685739259348,0
0.4917624734617324,-2.645837538,0.2772892748401774,0.9059460148298942,1.1360303115415669,3.0409065623168665,-2.050060046,-0.285829328,-0.747932566,-0.152568398,0
0.9440136079346422,-3.355577708,-1.117188429,0.4616701308635416,0.8566252594516364,3.028983216862392,-2.461772251,0.8867137696779773,-1.184749237,1.037127569559778,0
-0.612614599,2.7142510513279277,1.9467944091248217,-0.365363473,-0.96821477,-2.84014776,2.0564121090355743,-0.086354728,0.8470013330008311,-0.722606788,1
-1.255856143,3.5863042545780632,2.4577851126309547,-0.480863182,-0.465237301,-2.599263866,2.5245002930026472,1.716974976598766,1.4482759946007713,-1.074178311,1
-0.835817121,3.2666679809576165,-1.202455073,-0.991597662,-0.985615866,-3.163645185,2.4324352077155114,1.6657020293134521,1.0920263276849471,1.9528121027954524,1
-0.571526204,2.525069766087123,-0.311387692,-0.537032768,-0.897794333,-2.638030881,1.9123868951617373,1.224531077142767,0.7891533124676462,-0.668677756,1
0.5785880548037688,-2.142989768,0.8707471213329938,1.5893692874117382,0.5913684111782703,1.9971776763325988,-1.582655274,-0.291370479,-0.738711766,-0.659064961,0
0.234984133,2.0463353600140852,0.20070665416666156,0.23908202017836072,-2.000679814,-3.941666622,1.851036437390768,0.002612694,0.1247852247916808,-0.423509245,1
0.7717465065575311,-2.375699932,-0.815484454,1.4535677236764577,0.4179279650162326,1.877329341326322,-1.698286547,-1.314582976,-0.915021292,-0.99673886,0
-1.184443948,3.405244807570518,-0.002719283,0.7702278378096157,-0.456353037,-2.488727926,2.400502833807873,-0.583820414,1.369253054,0.21649697903391046,1
0.6248136757835702,-2.605331241,0.066728223,-0.048509708,0.8622873740611402,2.631142316726286,-1.958020477,0.23873220112769836,-0.840132058,-0.971661334,0
-1.122007288,3.365605233629392,-0.85502194,0.39569071423689856,-0.539753202,-2.585449119,2.393549141950065,-0.183757685,1.3174449844357459,-0.71196907,1
0.7938785004498254,-3.205575831,-2.265473178,-0.973605521,1.0151555123803049,3.172449080569153,-2.398295164,-0.130773862,-1.052207052,0.519846556,0
0.7682892165802857,-3.337507033,0.823187477,1.3865950277939865,1.1631797339099947,3.4535477651237345,-2.52213923,-0.49455756,-1.052555194,1.2811477380642837,0
0.5831257230832206,-1.919447236,-2.465237849,0.5844729293321639,0.41134823918074775,1.6211864006599657,-1.389564892,-1.024320548,-0.709499416,-0.540639279,0
0.36629831429501514,1.9495740435200095,1.013407883706352,-0.116171949,-2.165793837,-4.123262387,1.8249604712432792,-1.15622741,0.013874019,1.3707825367946505,1
0.6149128709816031,-2.9737025,-2.090538013,-0.859852626,1.163357908037007,3.256991703580016,-2.277255788,0.5041943064358038,-0.886483818,1.2544492269137133,0
0.7305809797351767,-3.232100326,0.3379562427906314,1.044181221611801,1.150958708258554,3.379210256055691,-2.448284272,0.42831228755126416,-1.009400773,1.657728512493112,0
-1.043334515,3.591325498949268,0.1433701228004706,-1.524161871,-0.8566338,-3.156528556,2.6204877111375238,-0.156373474,1.2923144729877212,-0.563034526,1
0.539072446,-2.052639106,0.8341558550058109,0.42754086506819283,0.594010593,1.9520439516798542,-1.522453289,0.8873790031924528,-0.696417611,0.7572831107682095,0
-0.401441564,2.4101281597187296,-0.36686536,-0.188040352,-1.119639553,-2.890170932,1.8874943073021586,0.6480364226753991,0.6470086502636392,-1.957742249,1
0.841119468,-3.528256163,0.5170094486698934,-0.979441555,1.1769226288379968,3.576209492497606,-2.653809698,0.3971293548373259,-1.134034932,-1.150021673,0
0.11467465429288838,2.4289553889553455,0.22803785660861578,0.7723020374219697,-2.0752557,-4.254316309,2.126274406227384,-0.159818386,0.2692166939151394,-0.500142792,1
-0.329639726,2.791268359829201,0.8004569644297163,-0.663573817,-1.543398491,-3.696758476,2.244354975788306,-0.256838664,0.6495803292639248,0.13595028115034563,1
0.6155449884006979,-2.105954959,0.2183915489515802,2.3732732405695165,0.49552298672779366,1.841344687394962,-1.535044532,-0.159233567,-0.760566269,0.2861584555572062,0
-1.478866233,3.822403739544889,-0.340300162,-0.041153132,-0.239965599,-2.407812186,2.630149762278828,0.7087355629751358,1.6470888639112946,-1.991342253,1
-1.417338789,3.5889125259374195,0.13318986125154741,-0.480231691,-0.172773402,-2.186298738,2.4570574181980334,0.8648525646989965,1.5677175239941958,-0.873615608,1
0.7780891041374872,-3.583729416,-2.387659341,0.9655322583488908,1.3344797149508059,3.829453070254269,-2.728435207,-0.130602304,-1.095641888,0.8752562180172155,0
0.8525349830201541,-3.831343687,-0.633560106,-0.045248399,1.3889654212132254,4.040603580256143,-2.908029236,0.8847896589164771,-1.18659499,-1.03416769,0
0.8145279113364864,-2.701660705,-0.704972263,-0.489072682,0.5903475421384202,2.2979572738313596,-1.958530027,0.1081093474585273,-0.994038904,-1.282418411,0
0.7019800693627356,-2.044294943,1.1287696846300936,0.5424276890834736,0.2905335574571371,1.5175499385383862,-1.445031083,1.1202816409497192,-0.815314607,-0.255433267,0
0.6595712570795979,-4.212553447,-2.338672823,-0.749936265,2.033719658368079,5.1603449292515045,-3.317225653,0.3643679234929774,-1.099843772,1.1489475315773432,0
0.6221417668597836,-1.664609898,1.293129888921557,0.16384181064954456,0.14441234766933284,1.1051193350753301,-1.154840959,0.8116153333924009,-0.701150127,-0.119042226,0
-1.192838841,2.9819428112883477,0.3111000376174836,-0.906785662,-0.115825805,-1.777258441,2.034950569144847,0.1678205851458799,1.3137905604604398,-0.546554708,1
-0.947968999,2.870774882466241,-1.340967384,0.10768948015602216,-0.476943068,-2.228766905,2.0455512166476475,0.9543772236527058,1.1170561609090106,0.4561993044686688,1
0.7048356056345694,-2.629535829,0.016559146,-0.70315556,0.7349614573818363,2.4638352099706244,-1.944189693,0.9755056403877954,-0.902657763,-1.424790186,0
0.4597224472921463,-1.812428199,1.1903999050190717,0.074352838,0.5541556107248146,1.765627937000715,-1.351305181,-0.910513642,-0.602926953,1.2059397553310653,0
0.7458375093603646,-3.348375994,0.16806720524589963,0.44244486506253294,1.2124715267032882,3.5292664321224407,-2.541119342,-0.964574087,-1.037584498,-1.006717871,0
0.5549091010465105,-2.894333827,0.064292052,-1.085358686,1.2117981433062714,3.282687702524324,-2.235283368,0.6224204452097881,-0.830683158,0.18575919794582665,0
1.085787349107094,0.9439199635616529,1.2006391525000815,1.4635506332410528,-2.705166299,-4.343437864,1.2755389189693502,-0.855211675,-0.663076529,0.12919095385119744,1
0.780422697,-2.980282807,0.525951075,0.40092903015477205,0.8666020188951862,2.840094254546632,-2.211471511,0.8330440739090224,-1.009473109,0.6709754407323139,0
0.5595740270245871,-2.469058176,-3.18651273,-0.519572911,0.8765562637872261,2.5776390498660615,-1.869652921,-0.626474809,-0.772183094,-0.744554303,0
0.7471221603079639,-3.0197978,-1.544595686,1.099869882827846,0.9576854100232609,2.990521891880341,-2.25962527,1.4481998727150607,-0.990675707,-0.067600908,0
-0.336342923,2.3033729320736462,0.23157108926234826,-3.4112209,-1.156329588,-2.884403321,1.8243041529324333,0.37947038957790885,0.583462794,-0.802851223,1
-1.016699167,3.4976162725230093,-0.274830418,-0.55009063,-0.833208136,-3.072643831,2.5518568054977226,-0.305585723,1.259027813596863,-1.323766945,1
0.6874456066046155,-2.228871258,0.3927505540456451,0.9725214785316871,0.458845769,1.8558731642877808,-1.609117902,0.4216631854053925,-0.831481031,-0.838099425,0
0.8510289998277919,1.1352974579906363,0.6319116301582449,-0.265675627,-2.424111856,-4.048757266,1.3378814639338277,1.0950006809320894,-0.462115193,1.0243228204586265,1
-1.677699284,3.8400300681617168,0.084933028,0.033134103,0.10906950493437638,-1.922818773,2.559432441514016,-0.406243178,1.7962562749435576,-0.963816402,1
-0.461911902,2.5963226963337194,-0.880394556,0.018701117535743585,-1.152421821,-3.037344594,2.020603306,0.6123587297061979,0.7187120294839794,0.8573084265374347,1
0.4049995893315652,1.4851231396941358,-0.879400886,1.304827631,-1.879533378,-3.466420072,1.4445452305656483,2.0771549831956193,-0.082305779,0.29643229703633944,1
0.6573474211819804,-2.528703467,-0.336854721,0.046243943,0.7440888471860847,2.4222197036092643,-1.878465513,-1.261678278,-0.85295879,0.6974145659136419,0
0.8126946746275586,-3.37300132,0.5450067599309749,1.4422604778853545,1.1094751502090963,3.3966581307338664,-2.53332834,-0.433638422,-1.09046506,0.7858475099898702,0
0.015663851581705024,2.3305528643275277,-0.89892352,-1.070156571,-1.819105193,-3.838157509,1.9994196077422421,0.9580181992282628,0.32788576546963594,0.6685417320398509,1
0.5822257002686825,1.810885683066172,-0.319624164,1.1855873127301766,-2.452990091,-4.455148393,1.799543237776034,-0.345242216,-0.165529249,-0.798758635,1
0.7385455803301051,-2.932219716,1.710539763165564,-0.01225049,0.9060396116617058,2.8699703817619535,-2.188444991,-0.030089863,-0.971596806,1.6088895841995685,0
0.6302214422873957,-2.259916254,0.5633894750863737,-0.877692814,0.5870470991213914,2.0543091418214328,-1.660351715,-0.821586734,-0.793811048,1.076052431271658,0
-0.041149407,2.2217567962001197,0.8747393369870058,0.7486524430780196,-1.631917744,-3.514086073,1.8818846279720187,-1.287486408,0.35392868572635267,1.8954272633709364,1
0.7931784777783163,-3.303863914,-0.051681623,0.4713703801708694,1.0919458272096356,3.334420305178102,-2.482635133,1.4654642589544855,-1.06600615,0.2677549989105888,0
0.9045482631725799,-4.117244199,-0.551180224,-0.538937133,1.5137725133033564,4.3721004540552055,-3.130037361,1.200012065402734,-1.266584692,0.569485631,0
0.7920476467511915,-3.286347584,1.1525354878034897,-0.197539012,1.0805502964552776,3.3087987346590886,-2.468146287,0.14705001681377597,-1.062621208,-0.166290135,0
0.7333783750416705,-3.811024218,0.5193100938292422,-0.799586063,1.590639343079447,4.315352062294955,-2.942066833,-0.641667429,-1.095781019,0.33494855536801044,0
0.12055864490685078,2.4343517732539217,0.5935291466130397,0.4217627256719035,-2.090131301,-4.278312036,2.1334270994290123,0.32252021495996397,0.26566436934944576,0.3114744042394969,1
0.36119873228249405,-1.492280969,0.9912684002675566,0.1706763646261969,0.48785007840550526,1.4984921729163534,-1.120082847,0.43987910986658074,-0.483657083,0.1592364923107012,0
0.8503289139947875,-3.651049841,0.6996496399231876,-0.68336491,1.2544701870706352,3.752510485,-2.754826837,0.1497096966971611,-1.158709443,-1.248758456,0
0.7383686276539225,-3.046245963,-0.939892916,0.9519585177143693,0.9939675782823821,3.0562358628742423,-2.286015669,1.3867559237596871,-0.988073759,0.3841800036484476,0
0.5631984453620794,-2.592576788,-0.185711777,-0.676144305,0.9648452252725934,2.7695511197515787,-1.973699596,0.040783599109776865,-0.792845331,-0.953931018,0
0.7556994511186204,-3.370475996,0.5771712371845303,-0.945803467,1.211467242287788,3.5397990257206837,-2.555760196,0.11765274240501968,-1.048074506,-0.370485568,0
-1.046751155,3.7166853336128503,1.0522508816252383,2.065071790411995,-0.946716244,-3.351977767,2.726198309804024,-1.047685177,1.3130916806014117,-0.91401208,1
-1.452014319,3.859993965160572,-0.121435601,0.42176782493985193,-0.31781098,-2.538442361,2.673875503055347,0.9657842921959557,1.6327657166683738,-0.355643213,1
-0.891997909,3.558191673871201,-0.956172651,-0.352765826,-1.107143637,-3.493537758,2.6574531413502323,-0.310849935,1.1759077364936243,-1.140305139,1
0.7274629853479623,-3.29594185,0.7481160069455162,-1.818163738,1.2056932921694241,3.4912972543307337,-2.504215117,0.7753151453968529,-1.016400103,0.46173356571255014,0
-1.874851286,4.266059007746899,0.9311571168460111,-0.566065962,0.14126730569012075,-2.107669711,2.8386314215520905,-0.863975665,2.0036662874111073,-1.155435005,1
0.6971322675098917,-2.718920066,-0.617374605,0.13723889587033444,0.8176817597346955,2.6293915681431366,-2.023938364,-1.613814732,-0.909996489,1.4743249940157497,0
0.9348975403081186,-3.737705746,0.5836868645764557,-0.542515864,1.1668340077123072,3.6752220893089205,-2.792431255,-1.484030328,-1.2336832,0.4205389761097746,0
-1.784884821,4.701829067329018,-0.392101885,0.2900984979048479,-0.357586908,-3.050208942,3.250038799972326,0.8934547838101766,2.0008017301178045,-1.740166136,1
0.7055939635358128,-3.34014521,0.7696723202270336,0.7122021114855431,1.2795330470710846,3.6198296058035604,-2.551445288,-1.910540667,-1.006714032,1.9891428478698017,0
-0.290388793,2.4350166285752097,-0.619791636,-0.128911245,-1.34126875,-3.217649236,1.9566889747217455,0.5439619269720152,0.5687539995768496,0.47238557232940215,1
0.5961538212688585,-1.779366727,-1.145384158,0.36943167050829195,0.27996863063493893,1.3592620023618587,-1.264172657,-0.57921544,-0.698702963,-0.461294916,0
-0.762004658,3.244347499201979,-0.456425992,0.8192485471068196,-1.1030662,-3.317979369,2.4451978087891146,0.8987941336806673,1.034353293683358,1.0238978702639068,1
1.2337157552879832,1.3277427333279272,2.6267137191802234,-0.487059555,-3.269805008,-5.351081464,1.667538650651567,-0.520335554,-0.716242496,0.6803191780060192,1
-0.999233384,3.469081961847014,-0.094972502,2.4001188383150875,-0.843134806,-3.07127209,2.5349952502701827,-0.286632515,1.2419943414640309,1.3419237844438137,1
0.8113738039965426,-3.979228798,1.618144215770418,-1.622508749,1.5776426374068526,4.387931911571132,-3.052232779,0.3922925710716925,-1.177785543,-0.756696506,0
0.6765871728412772,-3.42457607,0.7530810054190838,-2.78588353,1.3972951173829868,3.832355087883439,-2.636150286,-1.1050635,-0.99762422,0.16714851922337995,0
0.7244050360605155,-3.467113878,1.5579185746006632,-0.153567884,1.3427793945582145,3.778126550872477,-2.651889414,0.6803389402822753,-1.039075921,1.3471420726763927,0
0.5810773988865272,-3.191582368,-2.387937881,-0.426238652,1.3924528172321105,3.699450945970419,-2.478145273,1.782097014240634,-0.893270065,-0.351494807,0
0.620623217,-3.126162792,0.18365865480591648,0.3488363760286188,1.2700787461018361,3.490675566781465,-2.405148089,0.019179030168381062,-0.912899244,-0.638989365,0
0.7568230613007337,-2.602967887,0.7017497290468538,0.1683713460425315,0.6197490796037707,2.286224536816993,-1.899043256,-0.497155747,-0.937118768,-0.880600961,0
-1.465892402,4.111683426692136,0.006272572,-0.490328014,-0.485874569,-2.912719742,2.883086351674255,-0.758929366,1.6796555326210647,-0.10314854,1
0.16542930711783635,2.0087743408736616,-0.934955862,-0.666014271,-1.844987001,-3.700754469,1.7889111527750279,-1.951967389,0.1705976128616658,0.779026214,1
0.7786162233616616,-3.384110025,0.32483637038955276,-0.822926572,1.180152807101149,3.5028069565263795,-2.55752989,1.1266013129926424,-1.066956848,1.9538250209625165,0
0.5905086725878279,-2.513522703,1.6488292277589742,-0.066983541,0.8543078082714987,2.5701705459271604,-1.894323826,-0.096171705,-0.801467365,0.083909317,0
0.6715845738371309,-3.495688093,-0.116784465,0.065698311,1.4610521826267417,3.9611586926279547,-2.699110656,-0.348965628,-1.004292942,-0.105633603,0
-0.429635006,2.314384045622167,-0.058654041,-1.514836004,-0.994668779,-2.661311663,1.7934672153779718,0.18803993604291305,0.6538510520175128,-0.546780817,1
0.8578862543480535,-2.765668258,-0.044696554,-0.233614734,0.5604588727241553,2.290236021,-1.994550238,0.7041050551094885,-1.035329561,0.5439859456706052,0
0.7303987137102157,-3.38539365,-0.099465615,1.2664880671137566,1.2690648882777535,3.6294760370486143,-2.579431244,-2.315803829,-1.031592886,-1.533629296,0
0.8461590569519569,-3.989909091,-1.557482899,1.614410536439665,1.5224163909864912,4.315462610286657,-3.046356228,-0.845375992,-1.204988354,-1.011572856,0
0.8389084008745946,-3.530886805,-0.806717997,-0.141926919,1.1829756647545777,3.5862088154208553,-2.657012923,-0.009916753,-1.132787847,1.525558621042586,0
0.9785445530601115,-3.871226334,-1.221528386,2.0768344341111304,1.1898251497567551,3.7800280446354226,-2.887761714,0.3413240551279233,-1.285310962,-1.752868739,0
-0.729045867,3.0477236091050623,-0.224462202,0.6675845408222036,-1.012103136,-3.082730512,2.2913014612120755,0.2520530473946274,0.981415272,0.10160681649408854,1
-0.394328753,2.6263705756156517,-1.062050271,-0.913281573,-1.298746954,-3.260919785,2.0754540353177497,-0.948114408,0.6732591096296572,-0.622377923,1
-1.361875536,3.082220662024217,0.074276233,0.9061637863077839,0.11537448405429247,-1.503931004,2.0477575474885334,-1.967019195,1.4530268578234193,-1.125558319,1
0.6885556930678479,-3.044499105,0.4592835459986859,0.5352081496608969,1.0834606674467886,3.1820887321510694,-2.306014269,2.0811453692900788,-0.951092109,0.6540132059833945,0
0.6125226891009619,1.2412888095089423,0.8785838749382604,1.106208597389944,-2.070621542,-3.605254619,1.3256003537933732,1.692639421664744,-0.27082659,-0.295031337,1
0.7785480352541259,-1.874077341,-0.088699757,-1.702855231,0.020133302,1.0423514144237958,-1.266456346,0.926614649,-0.846976956,-0.505652923,0
-0.4896005,2.4546366519509473,-0.046837514,-0.918566236,-0.993074891,-2.734926274,1.8875129213579422,-1.206211899,0.7184909684945284,0.7025311469294272,1
0.7021913121974727,-2.941848658,1.8837401092618833,0.036688946,0.9797303915329346,2.979587824582976,-2.212363238,-1.872266782,-0.946195106,0.250623302,0
0.8185440217230336,-3.619331858,0.15843073711590228,-0.935935306,1.2880621393047889,3.7829465088542507,-2.741421284,-0.041432197,-1.130654761,1.1043745878467506,0
-0.42875083,2.7456576381349445,1.9943638231318366,-0.576459656,-1.327624525,-3.366365944,2.162594767575055,-2.71660388,0.7160122472871804,-0.140881421,1
-1.31975541,3.978486052671964,-0.581617061,-0.547595372,-0.650024895,-3.073239166,2.832252373991122,0.95937511,1.5525086721327999,1.0517459603312287,1
0.6187595858308695,-2.224197757,0.1953477217781999,-2.308325575,0.580505909,2.0257185366142925,-1.634757119,-1.992849162,-0.780157944,0.7787692362902963,0
0.9617309268237089,-3.054674781,0.7705824842436865,0.8457278434510778,0.5931363902324124,2.4928797991362064,-2.196850982,-0.096067853,-1.153987083,-0.554854318,0
0.6465262888230353,-2.696561306,1.3555071908142249,0.10812413582603579,0.8927850559633463,2.7237058386100466,-2.026655612,1.0225593602827243,-0.869428092,0.8024095701684615,0
-1.022108637,3.2692320821669067,-0.075792714,0.12008272497896276,-0.647878412,-2.686510533,2.354250579625425,0.8750180286204149,1.229753079249593,1.4514525417078017,1
0.7058440039334322,-3.054625554,1.607937671201281,-0.517249025,1.0597150370447002,3.153922982073274,-2.307213369,-0.035515108,-0.965313706,-1.290027602,0
0.7558186526117707,-2.614914961,-0.089034176,-1.8303438,0.6307594684662271,2.3082876022680847,-1.909691562,-0.062157452,-0.938118253,-0.433042014,0
0.032232063,1.8305302544432451,2.3427276214382093,-0.664735067,-1.46515511,-3.066166121,1.5790404801099625,-0.533900964,0.24284387966947182,0.8647132145810812,1
0.8628924802555301,-3.466987473,-1.031115628,-0.103169393,1.0901468179953906,3.4201168630569443,-2.59202981,-1.702978748,-1.141164725,0.7601092481031737,0
-0.59479882,2.271829520708681,0.2227760694714746,2.1190336440173336,-0.660794024,-2.165241892,1.685821131809145,-1.203061937,0.7694289552881584,0.1683029050832318,1
0.8383616091779493,-3.593105919,-0.180585588,0.827376722,1.231775111136968,3.689008960858894,-2.710447214,-0.482070752,-1.141446636,1.1888283650699758,0
0.9580424460550178,-3.325698978,-0.364524463,1.2533234183012494,0.8080877614446862,2.944049492890041,-2.430172586,-0.632136071,-1.190741037,2.116090074772542,0
0.7184568120900484,-2.567940075,0.7710003244686936,-1.752247427,0.6627993963587339,2.328271071989182,-1.885647323,0.098526961,-0.903729569,-1.008626814,0
-0.756811194,3.09084806,0.45952603066412534,-0.204678197,-0.994604448,-3.081266748,2.3161940066781894,1.3175083996865433,1.0081676186962394,-0.523515423,1
-1.292854354,3.0815749468702887,0.9405675253703019,0.20329768853851832,-0.009991342,-1.681205684,2.076985196079846,0.4751991519487221,1.4020432846354964,0.070330455,1
0.5730345714483518,2.028843313053289,1.0803418397202575,1.1096050201149767,-2.603684617,-4.786568479,1.9819350359575183,1.1412598535330438,-0.127008032,-1.59236936,1
-1.706617301,3.8049760319568042,-1.235754315,1.0401067293697306,0.18873394634333376,-1.79098328,2.5169837481839807,-0.764969282,1.8124721505596504,-0.334883065,1
0.7572342382155554,-3.450652825,-0.253755515,0.6401790062157332,1.2702676181356205,3.6664835847733355,-2.623650517,-0.03640855,-1.060883512,-0.373092686,0
-0.704071976,3.0527230705972714,2.1030162880737358,-0.801032645,-1.061484716,-3.15540115,2.3063512702422293,0.34429208401058814,0.9637300961903611,-2.329116862,1
0.7922319853671869,-3.188542276,1.1157046880131996,0.082395317,1.0050712562770563,3.148946551773044,-2.384441595,-0.78384064,-1.048512209,0.15752714820989244,0
0.8555379691310738,-3.562031976,-0.434491932,-0.270884228,1.1765797542748762,3.5939955019425005,-2.676467598,-0.979826764,-1.149585035,-0.135345773,0
-1.660478267,3.9778068825631627,-1.340528806,0.2444222419880948,-0.028186092,-2.191822302,2.684664047103071,0.22931400174414632,1.8036257538151876,1.657838617293798,1
0.23959589888912816,2.127454715539229,0.41559793036135406,1.3197194020733456,-2.071412723,-4.085767617,1.9223846137858152,0.21872577049871142,0.13319963332447118,-0.554790382,1
-0.42515288,3.087349656210395,-0.196555636,0.9416054276033425,-1.59670423,-3.932456517,2.4562994687526793,-1.729549607,0.7631254071088703,-0.780648951,1
-0.034637901,2.5900676276009174,0.9222738843318146,-0.315283998,-1.926761378,-4.131080215,2.1996059329919535,-0.66644458,0.40277058458073633,-0.323050071,1
0.6147443920406709,-2.721780733,0.8990531680788619,1.1334910336026498,0.9701160201023584,2.8469148946408795,-2.061931196,0.081274831,-0.849668301,-0.066993248,0
0.9794309920411461,-4.047239079,-0.043300897,-0.062983331,1.323437634807807,4.064554460794611,-3.037873066,-0.410331846,-1.311600018,0.3139937491455924,0
0.2850014086152815,1.8581832585972273,-0.939158325,-0.621531169,-1.947332136,-3.764295962,1.7117436301521811,0.8722093434992995,0.06050381,0.18143173618848088,1
-0.564588926,2.4846045994854187,-0.846573782,-0.340144825,-0.879355635,-2.590015524,1.8807816517416627,0.728372415,0.7781448629431332,-0.528680443,1
-0.134356119,2.747223344098239,-0.470603934,0.062313808,-1.865663863,-4.129531516,2.290952444982728,1.058197106215764,0.49918216876943117,0.4778831604583557,1
-2.031028527,4.363761042024441,-0.209156961,-0.425528819,0.35099702155519863,-1.863369309,2.854784349146415,0.7518591104563337,2.1330461141326986,2.0040256540028696,1
0.8185518482318802,-3.653812998,0.8633024579847581,1.0920836336112332,1.314539401352819,3.8391140688920538,-2.770899853,0.7234286815629642,-1.135682558,-0.1889704,0
0.7211851564607418,-2.784347338,-0.936761124,-0.910287177,0.8240878453031241,2.6738624024728104,-2.069501952,0.594997412,-0.937259951,-0.307788345,0
-2.062319869,4.869950153087835,0.2855787746852014,2.5556618008472345,0.019157285,-2.607369665,3.274083524068677,1.1632256225388342,2.229841532581922,-0.302377841,1
0.7474746054017303,-2.661321458,-0.288093335,0.3257554371020935,0.6816287290932105,2.4054661523353813,-1.952969992,-0.659019773,-0.938725064,0.6766905717209761,0
0.4114965459473159,1.6602828486589578,-0.64662804,-0.398658393,-2.025954297,-3.76863259,1.5971128481960246,-0.092204098,-0.061584764,1.479926004350401,1
-0.501441397,2.735517918407564,0.6040447051581415,-2.355537425,-1.187281131,-3.162035734,2.1225622074549273,-0.620285811,0.7681304184952812,-0.079967262,1
0.5285661090171555,-2.830849537,0.21438118459101924,0.19334817619847705,1.211060895342786,3.2472998361424588,-2.192369146,0.2915930684769917,-0.802014182,-0.858799,0
1.060827337703563,-4.289988416,1.0444799376988292,-1.124910098,1.3615113019184586,4.249819850111385,-3.210308662,0.036234127490877927,-1.406969164,0.3128911921738938,0
0.7789846686959208,-2.735273186,-0.814640138,-0.617884936,0.6809857221548681,2.4445610147112626,-2.002604673,-1.256870174,-0.972728273,-0.976667199,0
0.9367740800506409,-2.946779626,2.0792981467955394,-1.279070392,0.5557510220326368,2.381542123445481,-2.11536667,-0.305273878,-1.119871869,0.7990672014391316,0
0.9386490914393697,-3.137081346,0.6411316857173761,-1.961018073,0.6985389039565701,2.686798611,-2.277268805,-0.733281075,-1.148970929,-0.946238352,0
-1.022799506,3.2584166669525616,-1.652379165,-0.566436863,-0.638309212,-2.667101607,2.344705139235913,-1.353346605,1.2286872417391141,0.20140425249301933,1
-2.161101515,4.358383689748321,0.10541826208953269,0.8002821558428792,0.5923198713043082,-1.518543134,2.7940655839118356,-0.855974257,2.2281661365014043,-1.308751745,1
0.5869020898440661,-2.069630704,0.23312503612877675,-0.562254839,0.5198464759164901,1.8561568623104538,-1.516344901,0.062377132141568696,-0.734157304,1.5399013382775977,0
-0.639283375,2.6583591207759962,0.862501302,-1.432132426,-0.876642321,-2.680167719,1.9971171240520982,-1.086575511,0.8585238885931894,-0.238054931,1
-2.915413025,5.831410285465147,0.6104308942507507,1.3834124238364973,0.8361141336952572,-1.969992281,3.728073942962594,-1.677232619,2.998862152452448,-0.688316918,1
0.6554891159365188,-2.863849988,-0.394238287,0.7339958461309458,1.0049674216570923,2.973149604111899,-2.165823123,1.004732742832192,-0.900401272,-0.929167555,0
-0.189791801,2.554577493020933,0.188334418,-0.80305936,-1.616567466,-3.672384184,2.102318878235014,-0.726888283,0.5119970453460724,0.48590467,1
0.7685774009725462,-2.67847161,2.166378688315278,-1.337696075,0.6563235315935287,2.3788903722489074,-1.958528684,-0.230485299,-0.956782063,-0.779067763,0
-1.117481257,3.692877629,-0.047437145,-0.102892648,-0.799446827,-3.130440438,2.6753252547224875,-0.302446638,1.3617737126035603,-0.237263554,1
-0.359515956,2.6166403882981726,-0.730438578,-0.037115576,-1.354753386,-3.335008471,2.0821548263302607,-0.133100013,0.6461743689435587,0.4391398644795108,1
-0.687981426,2.7372625344491324,-1.200066036,-0.533261718,-0.848460903,-2.68292364,2.043569682903189,-0.352169175,0.9059210452594728,-0.03034798,1
0.5110377846980692,-2.782733282,0.9355822781496141,-1.123903641,1.2060569870135411,3.2141804666032745,-2.158791687,1.5565831371342462,-0.782082574,0.26833645980950876,0
-1.156464188,3.1325493186754385,0.7528423539030468,-1.506892863,-0.297865488,-2.116654616,2.179415765634246,0.4680973279116788,1.3089065934130342,0.3908991851069417,1
0.957179581,-2.843547782,-0.413394693,0.945620617,0.43922900815399873,2.160602781,-2.018297615,0.8329772273071445,-1.119881644,-2.862605421,0
0.5228357413264102,-2.046630742,-1.647671222,1.5205957379367572,0.6190024767987308,1.9842032232476272,-1.524321495,-0.14263119,-0.683571147,0.3256948110582863,0
0.9202236697409998,-3.747065748,0.9220501960513476,-1.198437803,1.200783394369474,3.728386633,-2.806765372,0.99300283,-1.224227354,-1.234349224,0
-1.977784153,4.258451500767007,-1.425780747,0.554532793,0.3348128447527051,-1.829330145,2.787715661,1.2742556736285038,2.078451004,1.0395211095654024,1
0.5259598616219608,-2.229488983,-0.62260599,0.067203001,0.7537938214526091,2.274103131066848,-1.679320394,-1.256410316,-0.712507069,1.0306240338063477,0
-2.214660297,4.457543186263343,0.16470872752474194,-1.693728627,0.6138023999777112,-1.541748343,2.8557402279213497,1.599288750294818,2.282097333735433,2.0413623788268986,1
0.5005755292038755,-3.108466639,-1.411429438,0.18256426587345642,1.475393043752898,3.772001042402946,-2.441813129,1.2495585080243343,-0.821810352,1.1441391299251595,0
0.7630209414973366,-3.093630282,0.16481581107324042,0.41081152376434177,0.9854183668240144,3.0697565992022784,-2.315893607,2.254271693100889,-1.013151303,1.3856171468198157,0
0.8524295366623026,-3.288115579,0.2766060347933558,0.6867552081147291,0.9718006815060675,3.1556737798759524,-2.443605699,0.2493902338197431,-1.10739846,-0.291856103,0
0.6506221626942473,-2.902435027,-0.460176938,-1.069613103,1.043486958588428,3.0485993056091156,-2.200913856,-1.236714324,-0.902432594,-0.19423483,0
0.765648865,-2.678248407,0.30875533490499774,-0.891087279,0.6614923088680786,2.3860929841395038,-1.959601383,0.46140257372596344,-0.954590337,2.4318000256558783,0
-1.571620291,4.055811821834276,0.3752247365298617,0.27960118541025963,-0.250151384,-2.548511389,2.789698053273926,-1.310758413,1.7494715735591286,0.15487299416986566,1
0.5299494558725123,-2.952760731,-0.567166314,-0.035957544,1.302201544567814,3.4423827363465933,-2.29600838,-0.002943725,-0.820789957,-0.057317423,0
0.20915245579006994,2.207930375242203,-2.547367295,0.02419607,-2.077727001,-4.138249149,1.9780575670745788,0.9243977051018232,0.1673666023871806,-0.136875139,1
0.6625727627746815,-2.887468197,-0.649752489,-0.330779326,1.0101958539425087,2.993334302692402,-2.182960786,0.6486405793504546,-0.909063954,-0.014250604,0
0.8588344217666241,-2.914690895,1.4442630853660803,-0.949820356,0.6732225497841331,2.5306219743975764,-2.121557968,-0.281995342,-1.057733139,1.0884570753905092,0
0.4186758594805169,1.5943142961533014,-1.097592564,-0.303863164,-1.988362947,-3.679684238,1.5438062155475352,-0.041338597,-0.076486123,0.6149645314738751,1
0.6477803343731513,-2.110611054,-0.729374403,-0.982547741,0.44031822710984353,1.765646899448307,-1.52511737,-0.846729166,-0.785011627,0.670123061,0
-0.889205698,3.003648949,-0.166234405,-1.848243337,-0.686185369,-2.597112209,2.184514645388917,0.17184211872424174,1.0930823227842161,-0.262180549,1
-1.634674109,4.126501702108413,-1.698455918,-0.520937143,-0.189481472,-2.500792833,2.8229339935355493,0.4440891666191867,1.8062570158893627,0.5752839085918184,1
-1.737637601,3.759197959830228,1.1790554132143873,0.739545027,0.2804711320443512,-1.636241159,2.464458779,0.7033861451146372,1.8286761375855431,-0.712885936,1
-0.016431121,2.103306363047854,-2.269622182,0.5068311662296173,-1.585987835,-3.384931981,1.7912724494060934,0.14968390433707032,0.318452033,-0.364576416,1
-1.385174569,3.910907228424157,-0.415421943,0.9156867955069825,-0.478811183,-2.794097472,2.7462457359559447,-1.074448955,1.590899858392951,0.8465137979757626,1
0.49414790126815983,-2.829002883,-0.234759956,0.45399697487291435,1.2724046265380826,3.3332154296112155,-2.205640239,-0.844987567,-0.776368575,-0.288905989,0
-0.340011194,2.5604826311512534,1.622103423562538,0.1348517317091841,-1.347175354,-3.293891728,2.042554500500972,-0.154699641,0.6236143181638868,1.9200138826057283,1
0.4409322931924901,-3.075703943,1.6360758243068076,0.3748484518410646,1.5589827679304005,3.872711018407923,-2.439534036,0.48532544132162275,-0.77306347,1.1923032501592885,0
0.8852772132220993,1.7866168086891512,0.8351158625097763,-1.201466286,-2.98696687,-5.19858213,1.9095469680743882,-0.445480518,-0.392504707,1.1385517921632304,1
-0.317325258,3.0422320105131178,1.2410411379707318,-0.528232306,-1.758667245,-4.137525634,2.4642462314560416,0.11174895715364723,0.6770525865816538,0.11908999404376297,1
0.7760346957518702,-2.724106039,0.2641198206056154,0.9743025093075587,0.6777854617200826,2.433985613474539,-1.994329368,0.4641170150025956,-0.968926804,0.4765258004734347,0
-1.103597195,3.070193583,-0.450784102,0.8583890150975749,-0.346362506,-2.15163461,2.1489104693767147,-0.284240599,1.260845759345149,-0.299893386,1
-0.729327292,2.840294858973568,0.8144597073302622,-0.150180005,-0.852224401,-2.743993662,2.1138250198733473,0.040948104,0.9514116831846422,-1.170856635,1
0.5370210957492966,2.0080299364094145,-0.06777026,1.3813118441554741,-2.522022386,-4.659606242,1.9486009494699208,-1.948075577,-0.103486564,-0.551635776,1
-1.369355927,3.497830017764322,0.7917735261576399,0.4829357678042702,-0.190293569,-2.161848909,2.3998829572291216,0.5325550319770892,1.5190738476261558,-0.538990254,1
-0.209828928,2.7596865305023024,0.4274766914311101,-1.124940652,-1.737612579,-3.954844892,2.269045323603918,3.0800772884304637,0.5566437088644878,-0.270903942,1
-0.746828111,2.532586389255488,-0.214251555,0.394346727,-0.583901692,-2.197359825,1.8431783107165376,0.5466815005436961,0.9194987051301725,-0.321724926,1
0.5376102649714679,-3.154210131,-0.454833591,0.8589072701421525,1.4430035313613776,3.750856114210912,-2.464945637,-2.56699353,-0.855778513,0.4316321118222835,0
-0.686602068,2.9727313474314645,0.23309768706341827,-1.180254707,-1.031884663,-3.070189072,2.2454945544207496,0.6749574794997902,0.9391990371402992,-0.738649627,1
0.6791991071129916,-2.600150887,0.4371291338992228,1.4256020063861203,0.759134107,2.4821876507799274,-1.930126155,0.003864174,-0.879476107,-0.191176405,0
-0.666821795,2.744589286435793,-0.487208038,-0.050755524,-0.892675115,-2.74953192,2.058963670577516,1.7924844528807695,0.8913870943528017,1.014236665883072,1
-0.119797985,2.6149193411423575,-0.748862189,-1.391985057,-1.790563085,-3.951552401,2.1841115548934753,0.9406318285627466,0.46917891604856965,-0.180198455,1
-1.257437533,3.600582240899368,1.2181118020958628,0.3391652388031869,-0.473323238,-2.618444397,2.536025904630113,2.325669851759564,1.4515214837562564,0.22199276969485565,1
-0.404923428,2.5420509931410367,-0.774715807,-1.558832898,-1.214645351,-3.096146179,1.9987882375211878,-0.384372476,0.668789819,1.1668421058160507,1
-0.700192195,2.4869028680715775,1.334019711360077,-0.219477569,-0.633845282,-2.24340861,1.8242395854380025,3.0406041184535315,0.878460298,2.467396159215698,1
-0.400041086,2.4973919914447746,0.44102261062279613,-0.897511452,-1.189237339,-3.035987631,1.9627105769715703,-0.199246277,0.6586856664047142,-0.315379708,1
0.6239797083310307,-2.799598093,-0.749182077,2.1131622464284106,1.0130615225990534,2.949859139595676,-2.124481676,0.23310549361393995,-0.867811284,0.3361757312196211,0
-1.315990181,3.6323009082238613,-0.169120002,0.03540736,-0.390920111,-2.518850854,2.537882878156792,-0.286002838,1.4993122141695328,0.8034960818582321,1
-0.017347867,2.069709166564507,-0.81483698,-0.918427288,-1.558503714,-3.327816048,1.7621507519101602,0.8814904583386522,0.3142346694712219,0.4453570613683251,1
-0.444339098,2.7579495952764765,-1.240245157,-0.027470415,-1.308642707,-3.346121262,2.1663789107528117,-0.663633124,0.7292957939820581,-1.050803603,1
0.060242148,2.1207909267979423,-0.418323385,0.473917299,-1.739236763,-3.611520701,1.8393033414465216,-1.395965033,0.2644671482735786,-0.02302246,1
-1.017882308,3.4781509643009705,0.16499699232735468,-0.356628017,-0.816095637,-3.037867855,2.534703169075679,0.42675480978538916,1.2570651099659857,-0.092400998,1
0.6989783120599041,-3.21580129,-0.015847598,-0.837162923,1.1960646004582083,3.4343009905438366,-2.447983552,-0.422257859,-0.983726147,0.9680863990753138,0
0.7343745137220965,-2.557135871,0.3576214548377947,0.4773515728187163,0.625472285,2.2695395409660186,-1.869541729,0.1294536281270088,-0.913892154,-1.119364007,0
-0.88907691,2.977939451075641,0.8992731227400431,0.005023078,-0.666667853,-2.555550757,2.1625881655612265,-0.471176113,1.0892428917424786,-0.589917926,1
1.0992304480596857,-3.714006641,0.5127896356433865,-1.216935797,0.8489608725896955,3.2120244164307676,-2.701265369,0.519641941,-1.351394683,0.22821954291447932,0
-1.330713293,3.3999842297636538,0.11464764990597535,0.23036496577551058,-0.185585424,-2.102246246,2.332895863711444,-2.110145608,1.4763317070338797,-1.696729693,1
0.9142689983821725,-3.346781931,1.0485029711225162,-1.672010119,0.9041076169197872,3.091500097114234,-2.467085267,0.6834592240617303,-1.16153738,-0.621309033,0
-1.580263062,3.920823721795549,0.3242495642860307,0.42560547168976015,-0.130680984,-2.306215355,2.670551997981479,1.9642450334079076,1.7361834919835186,-0.24150217,1
1.1361628891262405,1.2314077231757548,-1.017590062,-2.591055825,-3.017901538,-4.942058529,1.5430806497840506,-0.349491477,-0.658347241,-1.787287751,1
0.9515305109309978,-3.46468247,-0.577347818,1.8707700755864658,0.9267421485453002,3.187350762367866,-2.551815401,-0.047662691,-1.206182101,0.6591197654504767,0
0.7643343530835148,-2.938895191,0.4601905516894235,-0.643020541,0.8641418173251745,2.8142189373556685,-2.183025858,1.0417722708378316,-0.9915832,-0.590961294,0
0.7550420497469509,-4.076191559,-0.100901429,0.1831044753589274,1.7548606314935202,4.691476668994451,-3.159442336,1.1498807854145983,-1.150374169,1.4617075981980874,0
-0.020296156,2.365229379384735,-2.106469525,-0.26988343,-1.780172821,-3.801755423,2.0135533671958865,-0.492921233,0.35944967056985117,-0.070797107,1
-2.490595902,4.772671139,1.287141913346623,0.22122141771933362,0.8748683315700531,-1.342334057,3.006125206227263,0.531911536,2.5314424952952184,-0.340244403,1
-1.413742778,3.706475332569612,0.8729000164906042,-0.355137121,-0.269653215,-2.387160786,2.5591270934991006,1.1277886814395328,1.5821886799453249,-0.031495024,1
-0.548885835,2.8016116314239676,-0.449666962,-0.64891258,-1.151544139,-3.14715687,2.1586031419317884,1.574997717413378,0.8127376051137121,-1.45478707,1
-1.139654957,3.5274640702767357,1.2517647957981677,-0.437094089,-0.631926832,-2.803606199,2.5243268996283006,1.2718867015390833,1.3540306923773515,-1.411601381,1
0.8016514596292638,-4.227897174,-0.401401138,0.19739285426682202,1.7864211501419112,4.818261718997624,-3.269043145,0.47326607111203384,-1.206834684,-1.247206807,0
-1.006989349,3.2191083862404266,0.25859012653989183,-0.222406618,-0.636939265,-2.643895877,2.3179173278951026,-1.267060246,1.2113052864167102,-1.480726538,1
0.712270406,-2.63116267,-1.615031022,1.372831185584316,0.7226537916441401,2.4472772275329424,-1.942372864,-0.840586973,-0.908376406,3.2329946717449114,0
-0.893435403,3.039149334371641,-2.128268202,0.17954860280342194,-0.705747003,-2.644032778,2.2130431230202463,-0.357156073,1.1013713720073504,1.134902638917269,1
0.5664754844249918,-2.678251501,-1.013734881,-0.509950783,1.0246925319058424,2.9006932260384874,-2.04553899,1.0247139586029363,-0.807739647,-0.886398481,0
0.856399321,-4.253582089,-1.027990542,-0.359094235,1.7063204773552072,4.718666299345327,-3.267382766,-1.021999202,-1.250941344,0.7646669442409066,0
0.7020626990946739,1.5372687876734348,-0.867752073,-1.014810141,-2.461298703,-4.318901001,1.617300899,-1.96525281,-0.29373653,-0.681557262,1
0.7677079228841605,-3.550570621,0.5930863112773109,-0.966407703,1.3279344804928843,3.8022414651462872,-2.704562932,0.038911338,-1.083158379,1.1439097747962934,0
0.6481715509513749,-1.733484051,0.38974777320269066,-0.705906659,0.1498617195254836,1.1500993242213873,-1.20249874,1.4179708652405318,-0.730373183,0.6654503327880328,0
