att1,att2,att3
-3.218423309,-0.575000002,-3.881158115
5.801795068,-1.340334531,-0.201487755
1.394401711,-1.112765487,-4.646334004
4.767334499,-2.324507413,4.026737594
4.5906242,-1.456617128,-1.873809373
-1.962181925,-0.540734181,0.657138258
4.980223985,-1.383584081,-1.476879758
0.579468363,1.990251758,-5.638146772
-2.838723139,-0.341086892,-3.98177573
4.647260243,-3.485709577,4.061266151
3.980310098,-1.190030591,-1.446145669
3.440637858,0.06932937,4.890072088
-2.717226638,-0.613739313,2.49448429
5.062924391,-3.571395624,4.114408713
0.233100055,1.185592669,-3.79700573
4.829120663,-1.956238929,3.259742744
2.635113116,0.274074241,-4.215518255
-2.491884979,-0.83133802,0.374296001
5.435145317,-2.982896055,3.620112992
5.052858483,-1.596894458,-0.731076333
0.602764684,3.215354321,-2.214860667
4.350411997,-2.637598253,3.826656895
4.796048623,-2.387144288,4.50321736
4.412846294,-2.439038826,3.442817203
4.008101437,-1.371184903,-1.471312604
-2.447542913,-0.125760268,-4.16490479
3.538250096,-0.192440278,5.281214436
5.94087507,-0.83351945,-1.390179833
4.958296227,-1.092513162,-1.816516903
-3.249816359,0.754148646,1.270963508
1.377608159,2.587439298,-1.301340361
1.099097311,0.898925445,-4.149529282
1.716893399,2.705700854,1.908318021
1.038095624,2.825692933,-0.891464936
1.085184701,2.707562793,-0.829518167
5.396400128,-2.295241654,2.670317936
-2.977819777,-0.220468746,-4.018426979
-2.637771624,-1.096048362,1.148485699
3.717288952,-0.87900869,-1.169977136
0.55555188,-0.684126776,-4.363589532
4.819791023,-1.282331536,-1.310772593
3.229514846,0.168153019,4.721604281
1.901327387,2.975001571,-0.924448571
3.273855349,-0.349696744,4.139474974
3.901186651,-1.900978706,3.105209362
3.10621239,-0.176599023,2.901274135
4.779847605,-1.071190141,-2.273807033
5.152067398,-2.817295582,3.14330895
5.179059951,-1.62689219,-1.168085702
4.699133892,-1.44448915,-1.685825198
-1.751151849,-0.609580859,-4.191863112
2.825998888,0.224780424,4.807386786
4.864393075,-1.463507014,-0.596746226
1.966746601,1.723324472,-4.11276111
-2.869777036,-0.310735369,-4.254317445
0.713915788,-0.073909987,-4.444908587
1.170767085,1.58933848,-4.159904944
5.677300308,-2.674011936,4.205122545
4.568221073,-1.583980599,-0.995874605
1.128087553,2.941746652,-1.631868875
4.815522442,-3.323884339,3.601947086
-2.746311089,-0.130115043,-4.044508265
5.509209579,-1.154621746,-0.611191914
-0.809707206,2.953633365,-1.11472186
5.559063948,-1.960766771,4.254225839
1.032342409,2.20373089,-4.470452675
1.73506331,1.634831303,-3.4787416
-2.581556138,-0.441887828,-4.164174229
5.353304123,-0.978856701,-0.881973527
4.254957566,-2.070883607,4.030787662
1.49013937,2.082348629,-2.759706551
1.724254109,-0.684450038,-4.160010778
3.015370516,-2.495194034,4.327582846
-2.588070938,-0.607313184,1.564158589
2.936280823,-1.949864002,3.230436283
-2.464606766,-0.310539003,-4.071984603
1.523971687,1.957378626,-2.447555783
1.685654742,1.967977558,2.926191658
1.436666253,3.022944359,-1.601765459
1.932084524,0.64567909,-3.391989982
-1.471373114,-0.207877669,-4.06495421
1.416787095,3.081028172,-5.254623165
0.741533063,2.739877468,-0.123977595
4.151794647,-2.739843079,2.714229612
3.893335022,-2.802087913,4.419035431
5.470528408,-0.839287769,-0.592176039
4.487077987,-1.14123018,-0.146512326
0.54997882,0.089308587,-3.93985868
-2.439032128,-0.701934504,1.881511454
0.644423999,3.064501562,-1.13098549
1.138186574,0.633939753,-2.567001108
1.699050308,2.74939855,-1.562208718
3.295855095,0.010108516,5.303789011
5.579472149,-0.545842989,-1.030201408
1.008973451,0.925729274,-3.229240244
0.608656327,2.902376178,-0.587473334
-2.358844716,-0.226846736,2.154214501
4.837616498,-2.682739192,3.564062407
4.413683582,-1.925306405,4.10099473
1.091053803,0.554751808,-2.848879178
1.132660629,0.054233246,-3.510791601
0.359043943,2.88700386,-1.429322913
3.030579576,0.170103884,4.118520593
2.502563456,3.036624941,-1.075470389
-2.653745838,-0.499715689,0.922449827
1.729874017,1.946163588,-3.970296983
3.396703908,0.085667807,4.822250302
4.809251583,-0.251267274,-1.331749321
-2.835187735,0.074421201,0.922754645
0.539869496,2.234092219,-4.028512591
3.33410731,2.929245464,-0.841832287
3.657078388,-3.283987642,4.686834277
4.612582793,-1.854540912,4.007205137
0.552458217,2.64153867,-1.440043427
3.503670895,-0.6244055,4.366359747
4.657901693,-1.723349764,3.426413146
1.764153679,2.790899399,4.172938539
2.952717646,2.944099947,-1.509223647
-2.650870872,-0.854887719,-3.888608483
0.799970768,2.617478618,-1.699210016
0.834392244,0.525245719,-3.528218375
3.013755888,-0.570036858,5.445317575
4.547917176,-3.76841814,3.591911475
1.891415981,1.80863883,-3.997003203
-0.801778886,-0.24158242,-3.921540216
4.641844303,-0.925074934,-0.768483044
0.555485953,3.068332647,-4.777107255
-2.473656064,-0.627754133,1.940738856
4.994842188,-1.999079386,3.318052406
-2.954282499,-0.796392355,1.057829209
3.315102937,-0.304308012,4.849642133
-1.070787257,-0.489935181,-3.839523797
1.572201967,2.958153853,-0.648615345
0.46430635,0.834966238,-4.599939553
1.96798746,2.917509069,-0.94217655
5.091865928,-0.912782193,-1.587235623
3.797241333,-0.943523762,4.777513512
1.156014641,2.510856621,-1.815775391
-4.661215524,0.036259358,-4.254551398
0.767965736,2.546312473,-1.163593927
-3.030394406,0.310631708,0.769229528
-2.228926429,-0.142527491,-4.18896251
0.969529464,0.896806536,-2.575073925
-1.131791908,0.016495231,-4.192171027
5.164036798,-2.74801766,3.989311469
-2.613664605,-0.18287668,1.335170325
5.127240453,-1.422769933,-0.967441146
-3.543121874,-0.332707402,-4.161405111
-2.609545834,-0.558591654,0.858755526
-2.864658606,-0.398314134,1.593643826
5.125179544,-0.817137659,-0.436989694
-3.200127762,-0.271283149,-4.223497529
3.513301354,-0.792786508,6.651459158
1.721153527,2.848909586,-1.284233578
-2.833578837,-0.827182381,1.232059318
5.288114201,-2.442349493,4.435378945
4.110848426,-3.076819873,3.65386831
0.858637456,2.517688538,-1.767015715
1.101104561,3.310224612,-1.765417936
-2.964657783,-0.62805809,-4.140919907
6.01522293,-2.942602435,4.655058985
4.857400074,-0.985944032,-0.249707344
4.654017857,-1.513080647,3.829095077
1.464101283,0.986002238,-4.705317863
2.107443564,2.824543171,-1.8950423
-2.435562062,-0.699610197,-3.949745441
5.293125848,-1.36804091,0.248594661
-2.648028259,-0.09097345,0.32280491
3.576467182,-0.262649234,5.441245282
-2.727125461,-0.058181844,-4.53328666
6.147737648,-1.16794148,-1.297856118
0.634774326,1.917094654,-4.480639783
5.559909573,-1.053234587,-1.33228191
-2.513559554,0.100600574,-4.094516932
-2.993116824,0.031111978,0.641005889
0.953947864,1.594208817,-1.738183879
-3.279614923,-0.78964282,1.587981997
1.854397682,2.1985416,-4.274618792
-3.29487714,-0.236804149,1.213080945
3.5560889,-2.184840781,4.275716825
3.597933242,-1.077368954,-0.979966855
5.329810448,-1.056356412,-1.256544542
0.851397556,3.248371008,-1.068320881
3.472313966,-1.13637341,3.691886145
-2.069969741,-0.319229947,-4.087483349
-2.394033172,-0.252929277,-4.131268085
1.523839505,1.803853399,-4.422155044
3.3356959,2.608058108,-1.244153916
1.057414282,2.813873469,-1.114223204
-2.665528594,-0.259947929,-4.037581577
0.403088458,1.162682648,-3.351954857
0.831303058,2.896905027,-0.887404087
-2.712537241,-1.119756803,0.617572709
1.341245272,3.172638566,-1.919019722
-2.898577441,-0.345288557,-0.909069029
2.424142866,2.941310821,-0.993780498
4.733901654,-2.847951821,3.552025611
2.066973897,1.698021984,-2.028336849
3.404870068,-0.867602184,-1.163974053
1.71787221,1.594345352,-2.63386528
-2.697657184,-0.155780924,0.448251143
3.297673929,-0.027662875,5.454501459
-2.536150401,-0.049950159,-4.200082254
3.204480043,-0.750842249,2.915885513
-0.898440021,-0.251549272,-3.86967332
0.702417692,2.415751605,-5.384473311
-2.526868578,-0.349591588,0.990158918
-2.896758226,-0.241322643,-4.163947128
2.888631823,-0.386003543,4.854144534
6.050726009,-1.16203053,-1.737312966
0.686515918,3.009251699,-1.651380871
5.72801475,-2.491915363,3.374342673
5.376200575,-0.968833889,-1.1128858
3.991126662,-0.896184634,-0.787788467
3.779031823,-0.034863466,3.6221765
1.619168932,1.339850133,-3.32694625
5.146114426,-2.581903043,3.847149867
5.262662833,-3.474642886,3.840622787
5.591583453,-1.124137047,-1.117982491
-0.415117298,-0.483895958,-3.857481954
3.101107431,0.154676606,5.04142041
-2.604473086,-0.492142296,-3.980840753
3.462582241,-0.074837264,3.194227067
-3.116096004,-0.555272378,2.26302546
2.989632364,-2.891602331,3.886124018
-2.888824706,-0.273839278,0.529438084
-2.817757519,-0.236445644,0.515790742
5.117154525,-3.443135081,3.775640035
-2.268900579,0.049314188,-4.708784458
4.790803839,-1.79087221,3.569823918
2.999650247,0.002070684,3.848658686
4.550253199,-0.920072962,-0.641215401
1.241397926,1.605901669,-3.310225476
1.213937941,2.742575925,-3.2478567
4.140757756,-2.053502404,3.910184099
-2.867494361,-0.399486672,0.894352178
-2.484683778,-0.180640904,2.720203512
4.727126815,-2.327728296,4.604376638
4.912980011,-3.507391927,2.878813041
4.865986988,-1.443317292,-2.704033345
4.745455076,-2.246009745,3.767925892
-3.482217171,-0.565977531,-3.793875976
1.448790481,0.712086567,-5.273848094
4.778173871,-2.723150296,3.648443659
0.808835291,3.115337355,-1.744440837
-3.180565667,0.357869316,0.46663509
0.54740092,2.059723195,-3.555818273
3.917392224,-2.545627932,3.9458025
0.588971335,3.227143685,-1.617897424
4.816144892,-3.039549944,3.404464104
4.060750701,-2.928416811,3.467962179
3.345022573,-0.107604288,5.855538588
-2.451070514,-0.41287279,-4.167355433
4.850717513,-1.01160051,-1.061853931
-2.882859875,-0.449380813,-3.9393537
-2.008049425,-0.541174188,-3.770341127
5.037175952,-1.215888581,-1.810869506
2.075116415,3.091095215,-1.183537016
-2.880085848,-0.055318382,1.665728761
-1.957174431,-0.629008902,-4.378853456
4.251171505,-1.338764433,-1.104575296
-1.242359807,-0.03998794,-4.063858837
4.358889286,-2.241701217,4.013254222
5.793304214,-1.291607589,-0.914254024
1.141982646,1.684306864,-4.29600608
3.897177325,-0.721678365,-1.898333583
-1.689596883,-0.731883569,-4.0496613
0.630044813,2.415056991,-0.776447688
3.566056704,-3.026848663,3.908621481
6.280722875,-2.753983932,2.80587826
5.180076739,-2.767773061,3.850907221
-3.526192703,-0.099430577,-4.228949085
3.221023556,0.005146199,4.151722088
-2.843160598,-0.438659538,-4.226118145
3.823159897,-0.879051794,-1.504548966
5.269079746,-1.507653205,-0.223635569
6.076486412,-1.378567358,-1.3802203
0.135921622,2.829249289,-1.84917904
2.415276746,2.876661135,-1.589097753
4.18800124,-2.853788349,3.110324577
6.444292787,-1.035114771,-1.205556475
-2.829905865,-0.552832518,1.82740777
6.693603865,-3.347914042,4.003293116
0.962717702,0.702917876,-4.690674554
-2.853644544,0.001321773,-4.087128699
3.39575981,-0.594183564,4.630035241
0.272866201,2.756808456,-1.275324645
-2.792994526,-0.412673684,-4.201344283
-2.770589237,-0.086318751,-4.17580735
-1.667154627,-0.238163561,-4.180975289
-2.968611083,-0.834109864,1.575253275
5.145548233,-2.881392678,3.563059926
-2.782096165,-0.535832596,1.908113742
-3.281460758,-0.550509371,1.268661271
-2.779531255,-0.764696544,1.796994057
4.22025983,-2.592520069,3.651194916
5.664571721,-1.697118978,3.891692496
4.795413773,-0.891613726,-1.669391683
3.009493385,3.15259839,-1.251501357
3.468901507,-0.868995557,4.581235818
3.488755967,-2.079546925,3.244426575
4.470522206,-2.274868763,4.301495141
2.999792752,-0.752969018,5.538251335
0.603265682,3.212094732,-1.203944278
0.925523686,1.213003394,-4.495521392
4.234589688,-0.625590215,-1.815392136
4.634046516,-1.29778716,-1.492243381
2.8778824,2.670066613,-1.484120149
4.607578344,-0.992386335,-0.891205519
3.99582026,-1.13765906,-1.437013556
5.690108289,-1.900597275,4.364598636
-3.141984133,0.146386675,-4.086115371
5.977869799,-0.98432166,3.899887131
4.411404963,-1.980169856,3.405572513
-3.413202379,-0.411249009,-3.793403113
-3.08089803,-6.95E-04,1.453738763
1.728081124,2.894054395,-1.255306509
1.708302144,2.886821103,-2.830436725
4.805314978,-1.185991698,-1.139805416
4.806628244,-1.26275359,-1.447395287
3.818458252,-1.529587639,-1.888029195
2.039580097,3.763952791,-3.655799807
1.226031999,2.441945012,1.302880144
3.951208232,-2.784285705,4.195288459
-3.08881567,-1.001386111,-0.024580821
-2.745370149,-0.073307845,1.288556698
3.524667479,-2.480795215,4.740918712
5.706964294,-0.280920681,-0.730502784
-2.765140563,-0.046156593,2.063306039
-2.678987297,-0.355002405,1.464960431
1.896656259,2.913511133,-1.606230546
2.114181793,2.12128645,4.081099971
-2.473190814,-0.259059193,0.435842902
-3.203598881,-0.438200358,-4.63510137
-1.690215118,-0.779442361,-4.093418281
-2.703279615,-0.47567598,1.752924838
1.21936641,2.966865356,-1.391273636
-2.259476505,-0.162207903,-4.164003936
0.834982229,2.15011655,-4.254979241
0.274169058,1.55280343,-4.448296213
-3.132113567,-0.410395307,1.372808134
4.567062003,-1.507744752,-0.789910767
-0.047844877,2.924679009,-1.055458427
-2.382356113,-0.437576593,-4.102054733
-3.261098157,-0.388304209,-4.220832355
4.385910683,-1.252976175,-1.177317966
1.802621458,3.075094089,-1.328528021
1.347228905,3.084735977,-0.712191726
3.894736304,-0.537371589,3.726384854
-2.258270919,-0.566352435,-4.223573598
0.282597284,2.548863973,-2.545163735
1.563102864,3.01120892,-1.734440666
-2.65420898,0.202958596,0.476296932
-3.15900777,-0.040169284,-4.342861482
-2.580542119,-0.672874735,2.127025561
6.120268402,-0.795696512,-1.535521334
-2.875860863,-0.096081918,0.638007663
1.875433026,3.332510039,-0.901118016
4.772223773,-2.507459381,3.272895383
2.300276589,3.207220468,-1.923724621
-3.185334533,-0.579930432,2.139843023
0.434265091,3.183850985,-1.648341716
3.626171183,-0.334866067,-1.198123937
5.838736681,-0.89255451,-1.915460369
5.556912767,-2.685353803,4.457901396
3.092676971,-0.755167606,4.723152055
-2.669511228,-0.450628813,2.776095395
4.535115877,-0.880574821,-0.024620881
0.339601229,2.753474772,-0.744739107
1.04975117,0.41413673,-3.274001607
-3.087970734,0.109524794,0.889454537
4.247604185,-0.773746474,-1.148789443
1.067273419,3.059976491,-1.367041807
6.399384794,-0.511702565,-1.856128094
3.656372452,-0.907797424,-0.987943913
-3.121775619,0.014874406,0.404891195
3.061199652,0.010080538,2.931621782
0.101865959,2.813905991,-1.96628502
0.98381972,2.154696441,-2.492787312
-3.055694058,-0.091070987,1.810258834
3.960991648,-0.596850822,-1.881242296
3.279516234,-0.571625418,4.443876192
-2.991318484,-0.882137186,1.883259257
4.878584908,-3.736993967,3.546056021
-1.825795832,-0.549479896,-3.78706153
4.332792237,-1.059538881,-0.641522884
2.697902566,-0.432769551,5.482481563
-2.893961664,-0.473679512,1.28936937
0.112956514,1.039917782,-4.379207482
-3.00245658,0.216327817,0.935718809
5.082455119,-1.344450372,-0.520286564
4.909005627,-1.241430175,3.482168768
3.235526829,-1.63E-04,4.726691292
1.884358327,3.228557675,-1.514723216
4.686364551,-0.689347994,-1.9608828
1.112420397,1.119608604,-2.941607434
1.584497361,0.67761672,-4.196289932
-2.195510749,-0.358072318,-3.992689341
0.096198373,2.903132904,-1.616381689
-1.375667099,-0.396947589,-3.765542395
0.221680498,2.969034342,-1.263173981
-2.771148131,-0.456960629,-4.546157473
-2.681430203,-0.068483557,1.285349703
-2.540852873,-0.228406524,-3.949694591
1.824858434,2.795911273,-1.408735511
1.763975032,2.951158981,-1.612910859
4.322460619,-2.821795039,4.06270747
-2.347122842,-0.128047221,-4.062393973
1.989770549,1.02753391,-5.068576672
4.384047416,-2.282159181,4.190265761
0.251902135,3.128647717,-0.620457355
0.853545888,1.657763728,-4.333906529
1.051917136,2.748878375,-1.284225109
-2.590416105,-0.775716019,0.882887643
-2.655710298,-0.304469255,1.192189617
1.637164194,0.63056326,-2.674610736
1.614345539,2.021213741,-4.191063244
5.314058383,-0.998620054,-0.685006204
-0.073289681,0.671266062,-4.131389694
-2.389790361,-0.301101025,-4.207061188
3.294337206,-0.384574984,5.637679581
3.734249885,-3.194819935,4.496495749
4.221495573,-1.861424039,3.603459646
1.391033021,-0.502907185,-2.798282596
2.206282022,2.520373909,-5.180548109
4.025122426,-1.215957154,-1.907030227
1.140598793,0.617309393,-1.892377303
-3.312312614,-0.564704987,0.065362054
1.406058548,2.707568373,-1.627866841
0.698605029,2.93020654,-1.392722584
3.296504416,-0.60803772,4.67037709
-2.629117133,0.009796681,0.083734002
2.204529465,3.100785782,-0.763531281
4.071976662,-2.012425045,3.124344074
5.027704925,-1.265103954,-0.97423649
1.983134181,2.761429844,-4.846879693
4.710776112,-2.620418342,4.070800402
-3.931753622,-0.310515034,-4.008466448
0.993049946,0.110102244,-2.42001683
4.590132157,-1.152555766,-0.82249698
6.017840574,-0.724608305,-1.715852351
3.165408186,0.381103019,4.90020028
4.272989185,-1.601739935,3.669974829
-2.911111826,-0.393913812,0.947925022
5.406249336,-0.816017414,-1.863101819
4.428154741,-1.307704296,-0.749948081
0.596302368,2.59129008,-1.870190867
4.496108049,-0.811057812,-0.295498855
4.981216276,-2.692939947,2.740063917
-4.353681196,-0.443963386,-4.104639183
1.21748803,0.602715622,-3.616464195
-2.858735457,-0.155541898,-4.156829648
3.336384579,-0.293611358,1.99119392
-2.422510282,-0.182474268,0.685655048
5.568783983,-1.175031971,-0.878209149
-1.988376487,0.062625797,-4.352514727
-1.920298878,-0.3466579,-4.399544343
1.127986821,3.026297315,-0.866598884
5.286361649,-1.906420293,4.806095651
0.215273824,2.762603605,-0.876460134
2.87482509,-0.307942699,4.890004817
3.211098116,-0.545491145,4.18230677
1.23177332,3.235679388,-1.315831373
0.912573377,1.387443385,-3.663960579
5.763298093,-1.435535819,-1.142346325
0.580046086,3.046291175,-1.416829328
1.981527114,2.979454665,-1.660399278
5.967419257,-1.213420729,-0.712778304
1.353052311,2.99743825,-1.34752112
0.385686374,2.98778455,-1.457180201
1.28220837,0.328157161,-5.306768936
3.133566282,-1.377078525,-0.853118905
4.467559937,-0.696880794,-1.462172683
2.07521486,2.042609121,4.442201685
5.043228223,-2.011472556,3.12341011
-2.299013678,-0.602739915,-4.41934578
5.318955827,-0.686864222,-0.814610403
4.777353677,-1.101472309,-1.750141897
1.173442361,3.247128117,-1.163862032
-2.17347854,-0.473392917,-4.209155669
1.766612008,2.962807526,-4.141107177
5.307634671,-1.367011778,3.502679266
1.708328655,3.204229781,-0.967198603
1.764735162,2.369650567,-1.391794503
1.197607746,3.069766462,-1.492734958
5.89072358,-1.058198111,-2.024402479
4.627637829,-2.648838034,4.813172875
4.723688268,-1.165010697,-1.358904806
0.420543516,0.291196583,-5.026639983
1.611291551,2.206031938,-4.032592481
0.655911713,3.044282591,-0.853488929
1.056197046,1.141093183,-4.196162291
4.215829172,-1.194023498,-0.922620734
-2.372436955,-0.621866204,0.514330125
4.393046134,-0.326120447,-0.608492537
1.019025761,3.01167661,-1.783444996
-3.096058951,-0.411676163,0.606007964
1.031421144,2.775091194,-1.776062403
4.299463339,-1.251396212,-1.967300109
1.379876472,2.559717295,-5.632258164
1.172236075,1.888375723,-4.772515108
2.981204206,-0.361385355,4.136747509
-2.494652719,-0.506529403,1.8665894
-2.582207071,-0.627926081,-3.663968197
0.483821356,2.576876547,-4.310327875
3.061911183,3.134900081,-1.592414973
-2.950223427,-0.47443802,1.849376898
-0.162245849,2.980988686,-2.0448711
5.419716714,-0.728302622,-1.960564335
-0.425914837,2.820390215,-1.49269181
-2.108264436,-0.121342263,-4.040571828
-2.415604446,-0.095847085,0.796922261
1.640618688,2.622396934,-4.512945382
1.307267569,2.555461207,-4.382824264
-0.625110983,2.687626515,-1.925003985
5.900574902,-1.012849885,3.307775925
3.279835549,0.077358062,3.918865295
5.670247486,-1.438247911,-1.690617945
4.491087766,-1.022498829,-0.869925671
-1.317695382,-0.222182096,-4.121481198
4.408390715,-2.019546576,2.32961295
-1.813008596,-0.670240404,-3.979191046
-3.259370185,-0.132531455,-3.997139938
6.361298441,-1.002257198,-0.47595565
-1.25127512,-0.52217852,-3.84858374
4.876026895,-1.303441826,-1.138582702
-2.808124462,-0.407670842,0.530220294
-2.912675824,-0.508965646,1.009494185
-2.742108524,-0.070931423,-3.906525832
3.865483154,-2.238256725,3.698459765
1.627064182,2.67515752,-4.63022633
5.346367183,-2.765455985,3.539893887
1.958359109,2.268528868,5.124010701
1.792022766,2.988039184,-1.395764544
-3.259703298,-0.475024798,1.166676238
-2.826971817,-0.673081378,-3.914721228
-2.704562349,0.013671102,1.673170306
4.833616034,-2.612532088,3.534760129
1.687165123,1.091193986,-4.976872868
-2.559705721,-0.784107023,0.046111496
1.788757035,1.207524606,-5.058653981
-1.058350405,-0.32956406,-3.327760726
1.96149707,3.165253259,-0.808563803
0.004726667,3.202488711,-4.742825156
3.834950818,-3.408858325,3.406426199
-1.792284876,-0.209285078,-4.103524845
3.137188216,0.001644543,4.39679762
3.565556527,-0.718808099,-2.342012155
-2.68859673,-0.161496659,-3.953102133
0.451469285,2.908628104,-0.68589378
2.90061322,2.955518587,-1.623081654
1.160595087,1.166580721,-3.931831608
2.361431398,-0.63526035,-2.945901342
4.004862451,-2.010581274,4.215178386
0.476291267,3.127703874,-0.911528737
3.515448433,-0.502030883,4.127696547
0.36337514,2.577916039,-2.168860722
5.22972708,-1.524482028,0.188875302
4.857982919,-0.359311384,-0.406981549
0.786260643,3.179551689,-1.536229759
1.086116872,1.719175331,-4.192107484
3.678248105,-2.651345415,3.375224662
4.828967278,-2.663966764,3.811538372
4.844859317,-2.600549389,3.519767056
3.1306296,-0.333421619,3.883504517
3.943835152,-2.591490649,4.360019181
1.052430409,1.73978902,-4.526198298
1.093987642,3.019523742,-1.267563299
-2.699844573,0.480058765,0.626770865
5.30269407,-0.400846924,-1.63063321
0.553420784,2.67720709,-0.121397702
1.491864011,1.610802232,-4.114645081
-2.242599365,-0.256709422,-0.525840287
1.777159552,2.639605333,3.454933426
4.340013036,-0.863032598,-1.517002333
2.358541333,2.874643399,-1.703304164
4.511901522,-0.336004531,-0.335742198
-1.052296301,0.225359529,-3.924966532
5.354801553,-1.397374935,-1.771126315
3.849287329,-1.509495401,-1.657241449
0.761477134,1.936501473,-3.529073659
4.1718925,-1.726763643,2.840000698
4.124131366,-2.325987742,4.084770923
-0.943086188,-0.201401448,-3.689604808
3.827428067,-2.145126714,3.370793069
-3.32481275,-0.483964821,1.714218647
5.292455017,-1.011614233,-1.967884852
0.935710177,2.659184187,-1.424442808
0.848843158,0.285393877,-3.936996483
-2.588648733,0.128952755,1.722900514
-3.187018967,-0.792169884,1.406411725
5.839364309,-2.89810465,3.809468117
0.602303596,2.772422855,-0.643646677
0.864986638,2.582915862,-5.993551727
-3.519883266,0.029317256,-3.990027453
1.107722261,-0.378073323,-2.794382944
3.216140951,-0.449466403,4.317947549
-2.462160934,-0.779731827,-4.079891431
6.188914763,-0.381651002,-0.10054919
0.997385831,-0.257459563,-3.812155736
5.028146429,-1.083276353,-0.574185325
4.805402214,-1.327651911,-1.266098001
-2.726497105,-0.123924106,-4.269038043
2.917282367,-0.803208166,4.207691751
3.058020001,0.286119421,3.015870156
0.353554659,1.800484775,-4.724911164
3.198545713,-0.123308276,4.043067837
3.14879199,-0.739594158,3.094886328
3.586093773,0.08804176,4.309430314
4.912588403,-3.777888677,4.142945358
-2.784706419,-0.273727928,0.63504771
6.002588044,-2.611718278,3.43039163
1.373954523,1.304674399,-4.661432989
2.769274641,-0.378708389,3.664216142
-2.584301549,-0.317452784,-3.847035061
3.545680869,-1.293652287,-0.422288236
3.980093391,-0.930625109,-0.581336155
-2.805386796,-0.515363328,0.567311762
0.90061215,0.989197235,-5.733909325
3.79961017,-0.858417459,-1.045061792
3.672632931,-1.716812396,3.288482035
-0.563261456,3.007071152,-0.946147754
2.693405124,-0.082361176,4.031709942
3.940117394,-1.05513439,-1.383102497
4.051230893,-0.914629957,-0.850358394
-3.338003237,-0.841570561,-4.028663652
3.32231729,-1.106915779,6.633419103
6.188452771,-0.463896994,-0.721448373
0.797300737,2.428528383,-3.592513657
4.751640598,-1.86728857,3.612419269
5.165897215,-3.081863845,3.567006779
5.301930559,-2.114731699,3.734385386
4.783929273,-0.889667644,-0.659476355
-2.839684223,-0.121957757,0.369818784
5.109970163,-3.89638098,3.848947877
2.911249301,0.69608311,4.519995933
-2.359844764,-0.23636002,-3.965132702
3.60247144,-0.493870569,5.014662171
1.756683195,3.22718959,-1.122119245
5.629554552,-2.522296796,3.750274967
0.682031746,2.577192561,-1.209238213
0.54761965,1.379206913,-4.642940379
0.388033849,0.968169452,-5.476973984
3.744910352,0.810004001,3.765765212
3.703917639,-1.076955116,3.813745186
1.905796006,3.514976312,3.890756536
-0.932353491,-0.589435448,-4.211786624
5.339998513,-2.167708538,3.753205258
1.224234311,3.353771093,-3.223021379
-2.210433922,0.376036362,-4.219164334
1.414236538,2.790319098,-0.917808603
-3.044560432,-0.835944124,-0.599608062
0.348476828,3.33484082,-1.401045563
1.289094301,1.46475659,-3.752708183
1.062047321,2.745562967,-1.421428159
-3.468654018,-0.301945904,-3.892245906
5.950005789,-3.517700529,3.279564902
0.895929146,2.035364498,-4.677705572
2.308757832,2.883896292,-1.352988208
0.517076437,0.750717094,-5.068348651
-2.349252019,0.285236896,0.226197603
-2.908667017,0.224945085,0.63780704
-3.237240459,-0.613160283,1.278660388
0.490759014,0.394674986,-2.627704283
4.327464341,-3.663769661,2.800363728
-2.338454045,-0.134802672,0.780415495
-2.139440149,-0.546548721,-4.055093598
3.266043925,0.338045196,3.252563437
6.600287181,-0.206603337,-1.361620978
-2.321302276,-0.211224943,-4.275207653
0.735186497,2.910044322,-3.606212547
-2.780116144,-0.495861199,-0.303655924
2.990889227,-0.281746363,5.249867596
4.576095462,-1.013882723,-0.775014957
3.313975497,-0.270363942,6.07328391
3.362822887,0.079583427,3.448410016
2.78884429,-0.381343401,6.299472505
4.026963332,-2.86616331,3.441061266
2.316932242,0.942441642,-4.26228845
3.623362982,-3.210065915,4.27084792
-1.307724292,-0.21195354,-3.515271283
4.880041084,-3.320692028,3.996458061
4.280242123,-0.979761665,-1.011452963
-2.894465311,-0.160501959,1.340261116
2.910499197,-0.196326741,3.888678817
1.382984361,1.480105681,-4.649502324
3.280634737,0.255158381,3.387120424
1.251681636,0.835664122,-1.875715794
2.039391525,2.991088157,-3.861312054
3.0852417,3.004967429,-1.536113463
-1.75536506,-0.799916086,-4.144829827
-2.45237062,0.482125975,2.534469603
-1.177932292,-0.477885793,-4.310379752
3.992168481,-1.076921086,-1.292556609
2.497449866,-0.906723618,-0.706313108
4.456205248,-1.06321327,-0.23827242
4.009656007,-0.615866541,-1.355682523
3.919524663,-0.661812736,4.145060313
-0.037034682,1.331369598,-3.813189651
0.599878523,1.163301561,-4.816147116
0.37576934,2.549939458,-1.982276314
1.540504655,3.323616383,-2.085408198
-2.358696478,-0.449492514,-4.008582619
2.016176095,2.806455464,-1.436836806
1.371239305,1.529969628,-4.090958342
3.380122022,0.914130778,4.695823066
-2.519303788,-0.665716108,-3.691819083
4.667467807,-2.053890819,4.624698783
5.611273973,-0.97711591,-1.353713532
6.189610704,-2.09932174,3.51577262
1.090029616,0.432941555,-2.212014213
3.585670673,-0.206188028,4.232815201
4.453022235,-3.260390714,4.505059375
0.584597901,2.008333778,-3.777265308
3.493453758,-1.239254952,-0.85776328
-2.218186503,-0.319898838,-4.319919238
-2.772582863,-0.356309309,1.647073126
-0.582516591,1.218755151,-3.533071764
4.639966455,-1.002255998,-1.786622221
4.995054445,-1.088002247,-1.453515286
3.626125893,-0.825413021,4.514098656
-1.811929496,-0.648286506,-3.897172116
4.946926662,-2.672709143,4.563629237
-1.734134077,0.231377804,-3.995048598
5.172632698,-1.818653719,-0.974585088
4.420459868,-0.98402699,-0.983297392
4.174733298,-1.176766299,-1.184850919
5.133943763,-0.945500983,-0.928142338
-2.968700332,-0.745523699,-0.10766362
4.597160023,-2.552473733,2.701649016
4.633029222,-1.952778522,4.652393955
-3.318884811,-0.351979124,0.915298451
3.158169076,0.196721824,5.494381968
4.470469256,-2.741605515,4.466201394
-2.367979573,-0.623711401,1.679940223
0.674336624,3.404254726,-1.394941628
3.306624309,2.926376936,-1.448952406
3.775897321,-1.317393443,-2.835722263
5.471701635,-2.207761642,3.898395104
-2.946068292,-0.58885806,-3.904568187
1.523175752,3.016592135,-1.705254366
5.483016429,-1.258925299,-1.173715498
4.764571575,-2.645014801,3.691386459
4.037153691,-1.220807133,-1.344800946
-2.846200412,-0.577010394,-3.934270039
-2.350919201,-0.37578855,-4.034524728
5.395004636,-2.160239184,2.531073948
0.334143714,2.033293509,-3.970270341
4.990879525,-0.925243682,-1.734889671
-2.7789025,-0.34488545,0.701306702
-3.081487227,0.034412705,1.849432845
4.244222942,-2.321967364,2.661292968
3.261247421,-0.358958689,5.65821177
5.567567117,-0.970501376,-0.732520515
5.126279739,-1.707678396,3.846100592
4.919791507,-1.301183196,-1.758075625
5.295348382,-1.796371905,2.638171961
-0.883063393,-0.263016094,-4.142430237
5.329476844,-2.551769191,3.847930501
4.402529885,-2.388259221,3.622236822
2.264787278,2.622879104,-1.723478848
-1.840106072,-0.055851529,-4.120583673
5.57406338,-2.237510189,3.856031097
-3.121177066,-0.680482702,1.939270744
4.479191346,-1.396167777,-1.742280998
3.308178312,-0.277285649,3.34602115
5.346483856,-2.612159998,2.961002247
4.779198038,-3.444471135,3.212447487
5.51659691,-0.865530962,-1.281529066
4.929976764,-1.161182508,-1.009189277
1.851668119,2.90553344,-1.633301993
-2.351527096,-0.192799633,-3.667572217
4.228096088,-0.759988541,-0.672193889
1.310927086,2.786362495,-4.091244289
-3.07826686,0.132921149,0.705576291
5.301417024,-0.918360083,-1.562021512
1.273172962,2.809046469,-1.613815376
-2.762303735,-0.442888701,-4.217010101
3.809219014,-1.293800432,-0.532490025
1.851409133,1.847426525,-3.139992279
-2.896160379,-0.687957337,-3.548343346
2.051734978,2.93944634,-1.663070781
3.825350442,-2.3932177,4.279671302
2.848406609,0.490390956,4.410341508
0.853609445,1.106540923,-4.085511989
4.049920631,-3.336545919,3.741249875
3.363349137,0.138573642,4.987091775
-1.646060583,-0.280038423,-4.077781692
0.40600957,1.354786726,-4.096821641
0.649614274,1.225884969,-1.924341414
-2.986641554,-0.349559932,-3.833312972
4.779152429,-0.827623854,-1.714233822
4.336993003,-2.953249476,3.177159597
-3.395572252,-0.223700047,-2.764815999
3.517814574,-0.300355579,4.558856584
0.560779071,2.948313301,-1.250703192
1.898961876,3.047439663,-1.960833756
-2.627192716,-0.531800516,1.261560188
4.379750174,-1.581091963,-0.704987829
4.499255245,-1.879819385,3.497727846
1.673840226,1.474377583,-2.932631447
4.820194233,-2.432640739,3.613091456
-2.615649035,-0.586321428,1.824533584
1.191620619,1.977985336,-2.179992086
5.8004305,-2.93336993,3.444642518
1.997231947,3.013865997,-1.17523898
4.556825797,-1.078488131,-1.773580179
3.986951696,-1.978925733,2.746178916
0.887978054,0.314408705,-3.955289188
-2.351374472,-0.078531613,1.179291295
1.603224524,3.051403341,-4.054451116
5.095222158,-0.359856045,-2.460285462
3.125213283,-0.306133811,4.936694286
5.524605087,-3.16823248,4.035854645
6.329703301,-0.692471145,-1.410234041
1.634861618,2.775044749,3.306995604
4.107995355,-1.738055554,4.215137809
4.65073721,-0.679882924,-1.218326117
5.379352743,-0.843768893,-1.930600598
-2.472225093,-0.492879049,0.590942707
0.987432678,2.514008791,-0.953794867
-1.783366701,-0.067533781,-4.357342588
1.58732919,2.646578474,-1.143577279
1.634759396,0.289197431,-4.887339816
4.586757198,-1.040949239,-1.015619205
0.41586057,2.987585882,-0.730740526
1.804083509,2.007201646,-4.290292254
-3.025807864,-0.306179558,2.747133216
-2.948341158,-0.597750466,-4.053509468
-2.801891202,-0.392730585,1.964276765
0.832313973,1.076115407,-3.753513824
1.4268524,0.133636803,-4.658469629
-0.521853503,3.046989187,-1.051943772
1.67490989,2.967979853,-1.710349978
1.678924504,1.026916939,-3.253089367
-2.804311071,-0.521537298,0.607472295
1.308183347,1.317911894,-2.034546172
4.216257441,-0.74690433,-1.520865527
-2.304558867,-0.337778384,-4.032488933
4.179099436,-1.00646545,-1.994857045
-3.04486052,-0.860803097,1.519888529
-3.229371941,-0.499044201,1.502699568
4.788030274,-0.970527074,-0.946749657
0.552659467,1.871460536,-3.697583448
3.531683633,-2.399733162,3.04112085
6.111205852,-2.568161888,4.117508145
-0.666202408,3.102381561,-1.373577611
-2.944821988,-0.047311619,-4.237819328
-3.369077775,-0.397725581,-3.690311515
0.442521581,1.079082247,-3.900528854
5.812570258,-1.353947478,-0.130434655
1.382283501,2.08923572,-5.225720196
4.673660436,-3.122686822,3.692915073
2.219758089,2.071198276,-3.096426425
4.608620004,-2.185714807,2.55317492
-2.822457097,-0.748116412,2.276506655
4.193355979,-0.363719062,0.905331548
-2.801161797,-0.529734941,-0.624821146
3.15066082,-0.848730279,-0.721347168
-2.78185346,-1.071737445,1.948114579
5.626286555,-0.942565937,-2.042089184
5.253173831,-3.670580879,4.553013822
2.820647834,-0.778071792,-0.607388901
5.378023844,-0.852561868,-1.622201347
-1.134054738,-0.059559624,-4.173775488
-2.76298371,0.285551048,1.109638406
6.519397231,-0.84321826,-1.407610909
4.838966341,-1.470088778,-1.287509789
2.168211024,2.762641022,-1.122248709
-3.136053843,-0.201240653,-4.220206052
0.907990158,3.012801785,-1.164203174
2.52879303,2.780179928,-1.224546806
0.011206292,2.723782055,-1.5643917
3.452833278,0.354028243,3.090746806
3.633244808,-2.862297061,3.700347891
6.14613202,-2.329616902,2.18920544
5.07789631,-2.544541017,3.887870406
4.773121452,-1.472143806,-0.385392572
0.38712804,2.586151373,-1.689692874
3.482991202,-0.527137846,4.386436261
5.391092677,-2.891266624,3.816768778
6.670569282,-0.993920618,-1.214240984
3.515844505,-1.030640304,-1.441913115
-2.105417866,-0.118060587,-4.045369144
1.554740028,3.058783833,-1.101200792
-2.718878658,-0.401309336,0.460115566
-2.996765493,-0.209898678,-3.885238558
2.206393793,1.717091681,-3.881088559
-2.51207628,-0.500198336,0.809091934
-2.76778784,-0.060399554,0.837710102
-1.195272559,-0.137514012,-4.021674855
4.759941745,-1.18974766,-0.638562932
5.554397319,-2.906943671,3.776727934
-2.921165385,-0.667450145,-0.155417759
-2.953062207,0.017651466,1.123778365
4.454605057,-1.340924325,-1.993587329
4.823883033,-0.788573295,-0.960568248
4.432133354,-2.564777466,4.367917316
-1.527167489,-0.819056919,-3.830595038
-2.882527296,-0.141957853,2.959070405
3.775765895,-1.303465587,-2.094316493
5.026330925,-1.953992006,4.519770383
-4.013503309,-0.117899734,-4.138009095
0.559121176,2.91008699,-2.040729194
1.389882731,1.535886917,-4.012806535
3.679899053,-1.244206257,-0.793977427
-2.627543582,-0.737812762,2.267989088
4.893378471,-0.953565144,-0.875734629
-2.788901586,-0.614688204,1.382207016
4.371153751,-0.65927379,-2.036369659
-2.322643503,-0.972398822,-3.492816031
-1.818505541,-0.65901248,-4.430501254
3.868907555,-1.461390693,-0.930868052
5.633296747,-1.090250744,-1.890665137
4.458516641,-1.343516372,-0.836359094
1.386388599,2.754556058,-1.557416607
-3.692493783,-0.036734454,2.393498594
-2.357687726,-0.532790519,-3.825406937
0.262875081,2.501223253,-3.460164318
3.784701123,-1.741753639,5.376402277
0.738251446,0.889294704,-3.596052505
-3.077265635,-0.632082494,1.400362486
5.275616142,-2.993594251,3.997295445
2.960598182,-0.120249508,2.426590704
1.000458747,3.487905602,-1.145123849
-2.304069638,0.316385822,1.516661257
2.853953209,0.089359637,3.829200422
1.271419701,1.54963682,-3.07263272
-2.149951878,-0.56240218,-3.979319512
3.987978703,-0.389051723,-0.816750515
1.301993233,0.889819633,-3.505303032
-1.466531776,-0.393046122,-4.157306666
4.851282402,-1.915700451,3.552495273
4.323237782,-0.844503975,-0.129768741
5.235698623,-2.471803662,4.131042247
4.193658819,-1.001361212,-0.945841796
1.161499633,0.911261763,-3.638015453
-4.096138708,-0.430457866,-4.257830965
3.536021761,-1.119489469,-0.78000206
3.818493006,-1.367572273,-1.321537248
4.682102804,-1.43884217,-1.785996027
4.353456325,-2.046411461,4.426975449
-2.692423577,-0.485916591,2.745555617
-2.634950514,-0.067097182,1.077515677
3.737180932,0.782738161,3.970699755
4.483927876,-2.417965795,4.75464961
-2.541949029,-0.614067783,2.495592173
6.322572952,-0.628656151,-1.583036329
6.081675669,-0.873531623,0.013881011
-2.95726191,-0.385556736,-4.220433924
5.211016762,-2.829439882,3.577951352
-0.817415127,-0.315560697,-4.185466225
-2.410860852,-0.187590367,2.201961016
3.407510969,-0.695976366,5.603259313
4.917774552,-1.648442107,-1.50055086
4.144023506,-1.131466447,-1.393110393
4.450061214,-0.936129945,-1.023349502
1.2590781,2.843338747,-1.971870108
3.409343755,0.057056991,2.797634293
4.055823219,-0.688930976,-1.770708599
5.921825623,-1.455345542,3.618096069
3.305467219,-1.355873685,-1.438161107
3.266181128,-0.312647908,3.854199617
-1.793418889,-0.604969952,-3.992393424
-3.462978308,-0.221727516,-3.992178987
-3.127424344,-0.15376228,1.001075765
1.663986098,2.120791278,-4.583449564
-3.200668377,-0.0802398,0.140591712
4.076075956,-3.515417042,3.565218687
4.700338955,-2.302240097,3.944932618
-1.620369458,-0.314801208,-3.846559913
-2.762742339,-0.293122455,0.389331749
4.831664735,-3.89322516,2.48295096
4.622839802,-1.508428704,-0.686056036
-3.481353281,-0.093853633,2.109237767
1.249994194,0.51194762,-4.163874686
3.914170928,-2.387845191,4.38411234
3.758404564,-3.287409793,2.893889611
-1.817153808,-0.131241914,-4.331077352
5.085979597,-0.876235067,-0.822704658
1.393967363,-0.261533178,-3.862911592
1.736167458,3.285346866,-1.765007009
1.535773745,2.542091029,-3.000103955
-0.664885998,-0.164963835,-4.292155143
4.331896944,-0.77653068,-1.009091846
1.003127733,2.427411775,-5.229812101
-2.401946636,-0.567599096,0.985577003
-2.567993324,-0.39717492,-0.07113842
-1.235464646,-0.138628718,-4.123666488
5.566275517,-0.625573604,-0.971172892
5.935196151,-1.236171286,-2.296750776
0.687030417,1.080763749,-3.835862038
3.300432731,-0.626713625,5.287592425
5.860248328,-1.208130812,-2.227530913
5.411574724,-3.228829191,3.799153856
1.333580109,2.750027749,-1.649809551
3.18162784,0.671079175,3.769441915
1.092736704,0.700800034,-4.680596852
3.428783231,-0.210478373,4.444854905
4.320284763,-2.354927802,3.50771107
5.149124695,-1.288610615,-0.303389676
3.126106282,-0.678947607,3.790323041
-0.717379662,-0.424705625,-3.964053779
2.561751639,2.672084559,-1.684195746
1.722779452,-0.045232257,-3.025880743
5.927527122,-1.238292312,3.52530742
3.135182016,-0.430914324,5.846348183
3.434682112,4.30E-06,4.63777815
1.759758827,1.904087938,3.649717792
-3.46896802,-0.394902449,-4.319385077
-0.072306257,1.876938397,-4.137693336
1.529132621,0.908046539,-4.617564359
-2.298996165,-0.390916808,-4.057874147
1.918326534,3.015752488,-1.879708196
0.07088419,2.702636812,-2.320583417
-2.781358141,0.220231219,1.57131004
0.627666547,2.111391604,-3.992691118
1.26852554,2.682171168,-1.381142549
4.06045912,-0.881079491,-1.871414251
-0.262787677,2.948318075,-1.790063603
4.056023394,-3.278146814,3.43781295
4.398379366,-3.166201545,3.570664229
-2.005325434,0.29506269,-4.207113029
2.636500466,2.69084912,-1.600327116
-1.366244904,-0.077381284,-4.120272057
-2.693160967,-0.090471947,-3.841693993
-1.316954107,-0.283255442,-4.323604717
-2.427293731,-0.528529253,1.872583144
1.114150655,2.792944941,-4.457436739
1.828678205,1.664364675,-4.729225363
4.528299935,-0.737961376,-0.242184833
0.431758286,2.584738564,-1.14684275
4.237983295,-2.423129084,3.34606278
-2.056559544,0.174786085,-4.375243959
5.10926484,-3.129805993,3.350552607
1.397041024,2.80430748,-1.844608397
3.604946274,-0.684656053,-2.324908092
-3.364781134,-0.662599961,-3.987539035
3.762558584,-1.239007977,-1.341669934
7.470099172,-0.923412129,-0.94947832
1.005246203,0.851624684,-3.425102816
-2.057152015,-0.406882272,-4.486140987
3.835048624,-1.185093966,-1.107801432
1.649573249,2.058835744,-3.956729334
-2.450361248,-0.356490574,-3.928586401
-3.342694172,-0.177556851,0.294105566
-2.573753996,-0.272191725,0.222727768
-2.874444296,-0.332039096,-4.09230943
0.824891456,1.861714211,-4.310396265
1.932488392,1.847484033,-3.289686549
-2.918033753,-0.082055066,-4.024181469
4.728271231,-0.798354472,-1.768513628
5.619461291,-2.651196416,3.423975934
4.772412511,-2.560626019,3.377488637
1.976388691,2.827191462,-1.549300783
4.280592235,-2.835942483,2.937292216
3.237886174,-0.263659347,4.332397603
1.737362214,0.001072609,-3.634310728
5.482251269,-0.93585417,-1.102410804
-1.082080861,-0.948173636,-4.3452091
-2.488313212,-0.89976531,1.275183677
1.463838751,1.702076026,-3.648673411
0.07039653,1.315082996,-3.818646388
0.570096085,0.649189,-3.598811905
3.594722501,0.901818569,5.364976643
-0.077052002,3.010777988,-1.749362026
1.738321633,1.426320225,-3.099358003
1.852088207,3.120758148,-1.567838242
-2.369104674,-0.321603817,0.114701829
-2.907786729,-0.476577967,0.683065763
5.361006205,-1.768562258,4.724013822
2.228639462,2.928579892,-1.830264104
0.822074685,1.334054138,-2.932093442
-2.765205243,-0.090707614,0.910632644
-2.786467407,-0.18433456,-4.132997832
4.808495912,-1.120230288,-0.387802279
3.926914558,-0.076719664,5.893004862
1.875994565,2.770677943,-1.567548308
1.775773177,2.974960675,-1.717508007
-3.439067863,-0.444267653,2.481301489
1.855324802,1.543841718,-3.9117827
4.126995236,-1.965043681,3.055721927
3.961108465,-2.209754483,3.377442198
1.469993112,2.929736831,-1.754068353
-2.690503683,-0.215739265,0.084284886
0.759957593,2.004350637,-3.003041026
-2.921514704,0.318268757,2.26505634
0.985812987,0.98349659,-3.423683053
3.742121178,-2.180632265,3.656682094
-0.180683073,0.282409551,-3.062909326
1.7531427,2.935892004,-0.949244567
5.232886066,-1.606980005,-2.580090858
1.059565646,2.873855764,-1.510199366
-2.878700971,0.042051442,1.860377387
5.394280528,-2.39869757,3.048437346
0.332560859,2.825088502,-3.782895174
0.677346195,0.689991789,-4.092128656
3.221088785,-0.76903837,2.882453228
-2.467924634,-0.767114665,2.121381068
1.689112133,2.281644666,-4.895246405
1.821503796,2.831409619,-1.674195413
1.642309628,2.392615929,-2.021009946
-2.944464637,-0.656740772,0.639805932
-3.136864983,-0.576558276,2.413073495
-3.102410832,-0.384858388,1.690699887
-2.926640196,-0.073481907,0.817822673
1.033835657,2.720371982,-2.890197797
-2.257510732,-0.589056897,-4.025330032
4.898291819,-1.749511638,3.264067183
-2.71105767,-0.323327471,2.652134282
1.310388807,1.388478101,-4.283916636
-1.642617976,-0.29950212,-3.945147703
1.49393132,3.041711922,-1.29384416
-2.115180072,-0.023210122,0.25790267
5.436479103,-0.518112125,-0.949521665
-2.689989119,-0.588845074,0.425244704
-0.596627565,2.750785963,-1.660790351
3.300621623,-0.329503417,3.399736676
3.432448275,-0.195422015,5.494925141
2.020221639,-0.176105706,-3.5768573
4.552478178,-1.22317209,-2.078515279
1.637383606,3.294766779,-5.354405631
-2.185140836,-0.322648389,-4.188030146
2.8392594,-0.888855394,-1.820434008
1.335580278,2.387090258,-5.184834594
-1.320563257,-0.225497655,-4.255312703
-2.4202573,0.073213277,-3.955905237
3.142779166,-0.687890082,3.38569401
3.196757508,-0.528329045,4.783178601
-2.127870826,-0.599310612,-4.017212761
-2.2743316,-0.187280218,-3.790075149
3.256351246,-0.65895437,4.200121513
0.591376284,-0.878026356,-2.740461818
5.711745235,-2.083559957,3.622788084
-2.417056459,-0.709650088,2.491428537
1.461706932,0.337053254,-3.749285176
-2.424847447,-0.473630439,0.880292197
2.42751333,1.936759721,-4.715787901
4.500347281,-1.143368051,-1.009035816
3.306428655,-0.298216846,4.928518129
-3.161331998,-0.354390209,-4.352327659
-2.225313726,-0.348724562,-4.151110327
-3.41751825,-0.384893639,-4.350927748
4.806423165,-1.16562115,-1.25346725
1.487078928,3.171409254,-1.774596881
1.204337695,2.765720537,-1.58891406
1.235487904,1.886439653,-3.641992069
0.897004932,3.005431324,-2.196188345
-2.015317095,-0.285394297,-4.084780946
-2.581099883,-0.335229107,-4.548815707
2.02898201,2.641972446,-2.048316518
2.835532491,-0.130120206,5.685952228
1.501279836,3.021887192,-2.178153225
-1.72789443,-0.614089319,-3.686428737
3.639494921,-1.178230913,-1.909286334
4.953037145,-1.056599366,-0.645303461
4.836880485,-1.294931238,-1.471013345
2.195833116,3.118302495,-1.292795745
1.541077674,1.847331395,2.312167832
5.53890803,-1.120435593,-0.841675585
4.598098651,-2.36551605,4.398160528
-2.19050028,0.041187688,-4.13948888
1.795156337,2.792516654,-1.261510337
1.50570378,2.708544951,-1.381366409
1.837149496,3.02020011,-1.616939654
1.023740233,1.953643861,-3.292057931
4.731797688,-3.269768432,3.779955069
1.563504226,1.754593362,-4.541019682
-2.988046526,-0.174270369,1.031745523
1.628597279,2.966862394,-1.962862617
-3.213162368,0.195306333,0.10161693
3.302273491,0.008977419,5.22880231
-2.524283466,-0.438231069,2.663641209
-0.462626879,-0.142322298,-4.045931829
-2.864507419,-0.68375485,-3.975381185
2.769078334,0.014409966,3.415997676
5.880876813,-0.937975507,-1.0439281
4.238158511,-2.157200347,3.358693627
0.5894221,1.15727981,-4.194623495
-2.721833203,-0.099020955,3.302871663
3.194262509,0.731853686,3.832572881
1.819409933,1.813031167,-4.155278533
2.957591153,-0.092376205,3.422349832
1.791252785,0.506933943,-4.103742153
3.870390868,-1.26982534,3.792820589
2.333962631,2.4456733,-1.838576846
1.550155477,1.304260721,-3.47025496
-2.769333124,-0.173898599,1.145934387
-2.45901913,0.416588756,2.108466983
3.140788452,-1.739617082,-1.132010317
3.021205201,0.084680247,4.507320942
2.23354022,2.59537048,-1.206243356
-3.043135529,-0.372798251,2.217992062
3.813786771,-3.049814252,2.731575924
0.239810603,2.168221418,-3.152068821
1.954735686,2.842093143,-1.648534582
-2.886056416,-0.332787055,1.056405366
4.316659893,-0.651564363,-1.889815108
1.681567721,0.615993184,-2.581453293
0.790824941,2.94126673,-1.522834899
4.250588886,-2.789088714,3.70927991
-0.119855934,2.518000033,-1.460715905
4.595252475,-2.511816593,3.915867649
-2.952551687,-0.026165705,-4.025975315
3.451584641,-0.227209123,4.830404299
5.514348465,-1.143786173,4.763724353
4.396787995,-1.434384942,-1.036495147
1.492621016,-0.010080672,-4.03076916
4.07214612,-0.852401669,-0.753160778
2.912007363,-0.871680186,4.865541197
0.947639991,2.983697826,-1.155093208
1.451915167,2.656930705,-1.443292982
-2.40992093,-0.501256269,-3.962999998
-3.10816237,-0.149468707,-4.124963784
4.839332429,-1.330048768,-1.116895839
1.685523757,2.626815971,-1.14022914
-0.373804034,3.080352525,-1.734332549
6.356544414,-1.332661764,-2.164631515
4.830680175,-2.958427477,3.904539836
-3.419233263,-0.454644197,-4.46572885
-2.489423383,-0.498346993,-4.480032072
3.685028912,0.032761592,4.566781225
3.359139237,-0.826469595,-0.787121235
5.034421207,-1.897661396,4.207961603
-2.443426971,-0.278664743,0.220588713
4.454639573,-2.176604053,3.917236983
-1.69032284,-0.413436359,-3.439999283
5.461624199,-0.6494493,-1.509781911
4.781217234,-2.82787099,4.401860689
0.267534737,2.691214654,-1.053380911
1.347443863,2.75805315,-1.48002682
4.820413533,-0.745883182,-1.483277989
3.830401395,-1.108147427,-2.070283443
2.535572146,2.464984298,-3.329981813
5.842870491,-0.945363321,0.032364811
0.117221732,2.882440304,-1.486784846
-2.518024503,-0.65845463,-4.137613939
2.374195338,2.795122775,-0.461138183
3.323949797,-0.46820598,-1.21553285
4.632601453,-0.441533461,-1.251055006
1.228607627,3.034139652,-1.801560085
-3.313929673,-0.492386417,-0.229339439
-3.994222992,-0.242215205,-4.093741052
4.204501492,-2.646290231,3.822892149
3.994651867,-1.10021461,-1.136074241
1.180557319,2.947897348,-1.790875423
-2.845068707,-1.026466264,1.667877307
5.837755632,-2.602741393,4.186237027
4.467280904,-1.115069787,-0.729203375
-1.725177943,-0.394446505,-3.853347956
4.200219711,-1.613910454,0.032407988
-2.957205634,0.146770116,0.556874813
0.992411337,3.156707708,-1.438934605
1.941906786,0.914555322,-4.353572145
4.067893141,-1.760922172,4.114830914
0.938941191,3.66520975,-3.589195339
-3.483407268,-0.814107509,0.314641353
0.54033487,2.776388866,-1.433334435
1.478211657,0.958301309,-4.042510896
1.851542421,3.421666654,-3.806645664
5.695664851,-0.729270209,-0.583545032
-1.213776263,-0.591022747,-3.941229017
0.323597288,0.857004215,-2.602166747
1.38299635,0.041577051,-4.700733823
1.86242622,2.767538223,-1.918570516
4.937044175,-3.876197431,4.979390054
1.231473492,2.936826481,-1.013649878
-1.548399063,-0.269646736,-3.859477571
2.778719456,-0.115315437,3.238218441
2.974683109,0.124276016,3.481977428
4.960829797,-2.727376683,3.542615817
3.958626177,-0.782773202,-0.687093489
6.185984184,-1.131698116,-1.142699183
-2.353916749,-0.441071048,-4.336595689
-2.736860692,-0.528678903,-0.066853391
5.553255849,-1.134662651,-1.160467883
1.010034692,1.987376757,-4.138937019
3.332653913,-0.808310325,2.613308963
4.703693339,-1.584690819,3.817708916
3.717343354,-1.092273838,-1.559732635
4.619713707,-2.591200203,4.753417778
4.759327479,-1.728003356,3.39757596
0.664417389,2.415581085,-4.438429424
4.817014504,-2.338225441,3.365827935
1.338916377,2.670013368,-1.561420053
-2.554233033,0.078156879,0.854456942
3.434231012,0.338365943,3.338606352
1.235431358,3.378286235,-1.464533201
1.598842462,1.578752035,-3.648649178
4.792649236,-0.581448488,-1.517404615
4.789187002,-1.022746829,-0.162134474
5.352893303,-2.573596232,4.255547662
1.412441926,2.561817057,-1.500323773
4.276948722,-0.888265262,-0.770082877
-2.779856392,-0.601660528,-4.412899085
1.51399898,-0.14558165,-3.174571488
-2.619091203,-0.992093653,0.354290036
4.17941901,-1.102065379,-1.395426277
1.323182461,1.38698403,-4.457526824
3.645829912,-0.55677244,5.691650068
2.559786243,-1.152712278,-2.27994524
-2.030839502,-0.063780599,-4.573646608
-3.949829432,-0.20017077,-4.363263097
5.963955164,-2.938781318,5.258128253
2.777064879,1.813948753,-4.142773675
-2.392148758,-0.372107297,-3.841912156
2.23649207,2.735103896,-0.955943456
2.977240206,0.839770626,5.380367267
3.389207467,0.762624579,4.414155195
-2.739040761,-0.59823638,1.508485594
3.04651515,-0.112858534,5.30438988
0.746400009,-0.115120935,-5.196017412
0.511368115,1.722021529,-4.157252065
0.810908993,1.549476981,-2.977455748
4.600620037,-2.201924541,3.305986533
4.925521328,-1.117194847,-0.662449557
1.023281483,2.635400851,-1.02080009
3.515793093,-1.106465376,-0.980121069
6.497895818,-1.073792505,-1.993242783
2.395745773,2.940293308,-1.509873337
-1.539535203,-0.143958181,-4.114248905
4.948082231,-3.462817401,3.464789534
5.935780447,-0.835602466,-0.745439731
0.921181062,1.106211957,-3.661816728
4.056581843,-1.641815533,2.462501939
3.343342944,-0.780514201,2.829249753
-2.674471551,-0.495202037,1.148981737
1.712550605,3.196610489,-0.909791124
1.134506666,1.779182498,-5.209600837
-1.530733809,-0.798857946,-3.83445747
1.038810478,3.045299289,-1.064953067
0.975765741,1.257677538,-5.230959284
-2.41720922,-0.251784677,-4.259231055
5.148735711,-1.087013314,0.39614204
5.470704784,-2.498181891,3.456478389
5.205658303,-1.396273163,-0.604342141
-1.864891459,-0.435712196,-3.808549187
4.65866814,-2.055220911,3.704884456
-3.030306539,-0.406675956,3.854108581
5.521333935,-0.465451264,-0.337114552
1.395371741,3.142117802,-1.036023607
0.794881272,1.958008405,-3.96755021
1.580818905,2.012396208,-3.90406895
-2.356194921,-0.277100224,1.403317814
1.696386837,2.950646638,-1.455585486
-3.015670168,-0.431008841,1.514244497
1.247242453,-0.808624962,-2.680670151
4.727817515,-2.725256462,3.397064763
4.091499551,-3.107078616,3.704325889
3.344501592,0.026882002,4.728985974
4.007113027,-1.088446403,-2.030226615
4.234474827,-1.176752795,-1.457012816
-3.004812888,-0.388764607,-0.40140364
5.542529667,-1.238930027,-1.172958655
-2.519462073,-0.232422502,1.867697563
4.303880923,-2.032722973,3.455234494
1.551301077,2.812549722,-1.582111924
-2.232194101,-0.306900499,-4.064730287
4.87832785,-1.192563593,-1.822233469
-2.796313919,-0.257595908,1.256335575
5.184154655,-2.902496334,3.242374154
5.308886436,-0.998916689,-1.49100698
3.51612499,-3.154449769,4.021703725
4.421281081,-0.393903612,-1.040578886
6.056923167,-0.928110657,-0.530649381
4.224354115,-0.442552837,-1.301824347
-2.817328409,-0.461089429,0.222284821
-2.431240921,-0.559661638,1.411196733
2.172057892,2.891067879,-1.140445484
0.572612865,3.250360397,-1.296561408
2.722933477,3.111993566,-1.540957684
4.671216838,-2.942668831,3.747586657
-2.678515914,0.820402115,1.267179449
4.782460404,-3.072242423,3.653566708
5.318388304,-2.293797049,4.888078024
5.00271571,-3.175511114,4.187065554
-3.294520754,0.350084845,0.856368906
-3.529567515,-1.008711107,-4.327243405
-4.062001487,0.415466141,-3.937247306
-3.381912468,0.130400123,-4.040320249
-2.552332054,-0.297626278,-4.022411721
-3.295746368,-0.488884143,-3.99520165
4.275187214,-1.303774694,3.594351454
4.731959144,-0.953258834,-1.186436249
-3.394104475,-0.104320945,0.75825826
-2.337713118,-0.414843883,0.726843906
-2.69426324,-0.37380322,0.671806265
0.891674712,-0.872240494,-6.361849444
2.9172974,-2.4029053,3.217826307
0.80873335,2.61566928,-1.60274289
-3.111186985,-0.465964923,1.239781053
3.287974229,-0.956754858,-1.289843916
3.320076736,0.090646983,4.899837341
-2.91659682,-1.156633191,1.056102294
5.857396911,-2.379206765,2.707885948
5.148054856,-1.004174207,-2.668892767
-2.951956515,-0.720834487,0.481815708
1.200969025,2.876194678,-0.888848132
-1.134683683,-0.490287299,-4.125057629
4.17534013,-1.891209698,3.962166108
0.516329607,3.053680938,-1.963548181
1.578557904,1.300347605,-3.074670585
-1.293950118,-0.062115724,-4.131026557
5.281395647,-1.718599741,3.0827271
5.748673206,-1.021315875,-2.313572429
0.620744372,2.938740546,-1.614602173
2.645345922,2.965068868,-0.686744242
3.729641105,0.487074825,4.734850141
5.295638321,-3.444760915,3.368090309
4.50530581,-1.469014559,-1.031444234
1.122787339,0.550992855,-4.53541087
0.791812254,2.869441623,-1.273136817
5.947815322,-0.809379321,-1.457157946
0.252078281,2.758819527,-1.024252728
1.93168462,-0.121730274,-3.195872427
0.744194222,3.02007,-0.907020896
0.519283896,3.374429689,-3.751661368
4.566905339,-0.813688556,-1.279923616
1.331977451,1.343470574,-3.945205162
4.977603806,-0.668196137,-1.588917543
5.590000081,-2.784844928,2.812815845
1.676573452,1.706726589,-4.600673146
0.90793746,1.934733963,-4.154952543
5.052957017,-0.893478227,-1.829348282
-3.258712703,-0.358579113,-4.036314118
1.596538196,1.41690672,-4.711515785
3.021361328,-0.489966248,4.565738864
0.739782904,3.166616182,-4.028478857
2.835179385,-0.260641573,5.530991041
3.925134083,-2.878752079,3.897646728
2.617397026,-2.188782308,3.562069505
4.224145461,-0.190543046,-1.252811643
4.438977965,-2.673658631,2.44968402
4.246557758,-0.684468968,-0.441220324
3.566147735,-0.393188879,4.162395584
0.681682726,3.06087341,-1.312617687
4.349402926,-2.550445308,3.59267918
4.513329306,-1.524051139,4.151512206
3.697692712,-0.960878916,-0.794943822
-2.961976123,0.103757923,1.35E-04
-2.689888382,-0.027676841,1.6163665
5.444796361,-0.479502466,-0.255001721
3.521547144,0.225103808,5.650023697
4.619705368,-0.859418225,-0.617292298
6.128964202,-0.988847271,-1.099018193
1.214477967,1.894581266,-4.82451098
3.412295804,-0.218891762,3.397824377
5.702426922,-3.021204366,5.467723038
0.414860227,-0.236642545,-2.972557077
-2.614497755,0.13097185,1.107817792
-2.047201305,0.209281111,-4.375632106
-3.073944644,-0.257784701,0.536160601
4.221207399,-2.719105087,3.688421376
0.926548076,1.812682988,-4.198354401
3.531619355,-0.697859853,4.192855864
-2.14346867,-0.375494598,0.990027662
0.716925766,0.718062646,-4.352479178
-2.766949207,-0.440982632,1.005566994
4.080730927,-2.106498451,3.980582089
1.63141895,2.942064914,-1.159986459
5.110612131,-1.407826497,3.052536257
0.05896565,2.955948127,-1.046417222
5.221187026,-0.966265723,-0.965430338
3.709600028,-0.92654322,-0.657564971
2.003698204,2.690694369,-2.300041256
3.040029378,0.192896508,5.898036076
5.066545607,-1.97945702,3.022092007
1.244690179,3.198476908,-1.635118595
5.217735617,-0.801972947,-0.780387927
2.497181401,0.959034385,-3.324944023
-2.245343883,-0.876611314,-4.320945557
1.15734644,2.822623683,-1.668656773
4.673174826,-3.561437692,3.896656903
4.289739339,-0.920052803,3.288715715
-0.707015445,2.842879598,-1.47812116
4.869472827,-1.292887559,-0.832459461
1.55772514,3.301240326,-1.031140241
6.093263351,-0.637216414,-1.415844854
-2.83556069,-0.230033334,-4.192830954
-3.112094153,-0.562364348,2.870446596
-1.737691301,-0.402740566,-3.822249179
0.678422443,2.509082072,-6.084907052
1.614697485,1.156290875,-4.953673963
0.972703453,3.091052434,-0.859350423
-2.072939336,-0.262509494,-3.743498013
5.306087456,-1.811144166,3.418079285
5.045410117,-3.116720209,4.490716011
-2.600625004,-0.536685261,0.938398106
-2.437882854,-0.344678499,-0.101520369
-2.10879351,-0.568010476,-4.058248102
2.894383653,-0.173093287,5.919914121
4.033839145,-2.737550941,3.195593492
0.267708308,3.081744745,-1.738103856
0.198813697,-1.101838082,-2.692796169
5.762465618,-0.707858054,-1.033989256
-2.567477881,-0.541168736,1.427321718
3.900112041,-3.101442948,3.460062302
5.049802883,-1.155518638,-1.657177858
1.702458897,1.72957783,-2.593176561
-2.570354965,-0.621134961,-4.196454799