topic,frame_support,unique_documents,unique_sources,mean_frame_quality,mean_assignment_confidence,fallback_share
0,963,60,60,0.700082543021152,0.412823623261917,0.3078920041536864
1,467,50,50,0.7211746002394573,0.45061626411080685,0.2740899357601713
2,409,54,54,0.7205424169618145,0.4722107159170727,0.32885085574572126
3,611,46,46,0.7242795592344405,0.4551679845360131,0.31342062193126025
4,505,53,53,0.7078326138235529,0.4551957132519557,0.27821782178217824
5,832,60,60,0.7168749165953704,0.44426869432763283,0.23137019230769232
6,895,60,60,0.709225256851126,0.43562884250486006,0.2865921787709497
7,922,61,61,0.702041366496583,0.44238356207779134,0.24078091106290672
8,726,58,58,0.7171118948375338,0.3841711483338312,0.2858126721763085
