corpus_type,cause_topic,relation_type,effect_topic,frames,unique_documents,unique_sources,mean_frame_quality,mean_analysis_weight
policy,0,causes_or_increases,0,90,26,26,0.7300525595150499,0.005786300899568482
policy,0,causes_or_increases,1,4,4,4,0.7024047619047619,0.002264536805193975
policy,0,causes_or_increases,2,3,3,3,0.7328839562140645,0.007057164987830881
policy,0,causes_or_increases,3,7,5,5,0.7405102768380079,0.002313820810711912
policy,0,causes_or_increases,4,13,7,7,0.7686506129507802,0.0020373303558679687
policy,0,causes_or_increases,5,17,11,11,0.7456579974282471,0.004265598504960521
policy,0,causes_or_increases,6,22,17,17,0.7190864880866615,0.011912224349481464
policy,0,causes_or_increases,7,13,11,11,0.7401271218659882,0.0034378553481261265
policy,0,causes_or_increases,8,17,10,10,0.7130307410755954,0.002725947153764861
policy,0,enables_or_supports,0,81,25,25,0.692541982370524,0.0044135520259556815
policy,0,enables_or_supports,1,10,9,9,0.6313011618735207,0.004753494049524226
policy,0,enables_or_supports,2,7,6,6,0.7470285043464024,0.008008893060339329
policy,0,enables_or_supports,3,15,8,8,0.6837189444957172,0.0027036187348297163
policy,0,enables_or_supports,4,25,16,16,0.6746657172827172,0.007966506090852145
policy,0,enables_or_supports,5,38,20,20,0.6751578739519107,0.004719271799406074
policy,0,enables_or_supports,6,21,12,12,0.6434524983458806,0.004259625292849616
policy,0,enables_or_supports,7,38,18,18,0.6948679174267606,0.006062903471228152
policy,0,enables_or_supports,8,11,8,8,0.7465309030690047,0.0025938049143439416
policy,0,expected_to_improve,0,10,8,8,0.6247344078800556,0.03766761578708434
policy,0,expected_to_improve,2,3,3,3,0.6548886548636549,0.0055542354126405305
policy,0,expected_to_improve,3,1,1,1,0.5102857142857142,0.0011189252376059898
policy,0,expected_to_improve,4,6,6,6,0.6962965858807291,0.006704140403557042
policy,0,expected_to_improve,5,11,7,7,0.603390520753756,0.0034915261644689038
policy,0,expected_to_improve,6,3,3,3,0.6843690476190476,0.003377799164893813
policy,0,expected_to_improve,7,9,7,7,0.663815831499655,0.004390346980796737
policy,0,expected_to_improve,8,2,1,1,0.779843018018018,0.0006568927962623338
policy,0,reduces_or_prevents,0,15,7,7,0.7317752751865108,0.0036844697478552696
policy,0,reduces_or_prevents,1,1,1,1,0.7435714285714285,0.0019115860612286643
policy,0,reduces_or_prevents,2,2,2,2,0.686135531135531,0.007402897894438744
policy,0,reduces_or_prevents,3,3,1,1,0.7038868538868539,0.0016250009483551539
policy,0,reduces_or_prevents,4,3,3,3,0.6428998825336586,0.0012669059847566341
policy,0,reduces_or_prevents,6,6,6,6,0.6814693785746417,0.007988861934917442
policy,0,reduces_or_prevents,7,2,2,2,0.7606493506493506,0.0068200419012320245
policy,0,reduces_or_prevents,8,2,2,2,0.6882488479262673,0.004869612733604743
policy,0,requires_or_depends_on,0,8,6,6,0.6185561104442152,0.0026768361885019343
policy,0,requires_or_depends_on,1,1,1,1,0.9370454545454545,0.0031753778011642656
policy,0,requires_or_depends_on,2,4,4,4,0.7825364010989011,0.020682206042552456
policy,0,requires_or_depends_on,3,5,4,4,0.7122527128908663,0.002740927295031407
policy,0,requires_or_depends_on,5,2,2,2,0.6751785714285713,0.0014273581601253376
policy,0,requires_or_depends_on,6,1,1,1,0.6046071428571428,0.0008889406148561601
policy,0,requires_or_depends_on,7,1,1,1,0.4957272727272726,0.0007002874454020647
policy,0,risks_or_threatens,0,4,3,3,0.5870488095238096,0.003946431895248416
policy,0,risks_or_threatens,1,1,1,1,0.6161428571428571,0.0012275010538911268
policy,0,risks_or_threatens,3,3,2,2,0.7521428571428571,0.0013654534533513584
policy,0,risks_or_threatens,5,4,2,2,0.6663650793650793,0.023990292067192845
policy,0,risks_or_threatens,6,4,3,3,0.6527782772782773,0.019962980198812867
policy,0,risks_or_threatens,7,1,1,1,0.6224436090225564,0.0010726491359447155
policy,0,risks_or_threatens,8,2,2,2,0.6539821428571428,0.000726077893758147
policy,1,causes_or_increases,0,4,3,3,0.7259781551509492,0.001113471149227035
policy,1,causes_or_increases,1,33,8,8,0.7796591753698437,0.0023629757497144028
policy,1,causes_or_increases,2,1,1,1,0.807142857142857,0.0014914883048088021
policy,1,causes_or_increases,3,5,5,5,0.6594702190258255,0.0018803752513818519
policy,1,causes_or_increases,4,3,2,2,0.8483652841253461,0.001461518755353236
policy,1,causes_or_increases,5,5,4,4,0.7272781267065914,0.002657714883014444
policy,1,causes_or_increases,6,12,7,7,0.7815516335919068,0.002055850181480624
policy,1,causes_or_increases,7,2,2,2,0.7464810744810744,0.0015644205710392562
policy,1,causes_or_increases,8,11,6,6,0.7697429106636187,0.002634170918009137
policy,1,enables_or_supports,0,4,4,4,0.6871283251954763,0.0033333469728767835
policy,1,enables_or_supports,1,36,9,9,0.6908106758734845,0.0033001905132581675
policy,1,enables_or_supports,2,2,2,2,0.7686567028985507,0.0021821616708239105
policy,1,enables_or_supports,3,6,5,5,0.7242700384800385,0.0020269184119363647
policy,1,enables_or_supports,4,4,3,3,0.6746383241758241,0.0019723842646476846
policy,1,enables_or_supports,5,4,3,3,0.7039258768724881,0.0018329738765398471
policy,1,enables_or_supports,6,8,6,6,0.6774164438046678,0.002587898717087517
policy,1,enables_or_supports,7,6,6,6,0.7089197595704948,0.004510305365564432
policy,1,enables_or_supports,8,2,2,2,0.6173575,0.0034754681860820415
policy,1,expected_to_improve,0,3,2,2,0.759953601953602,0.001816468381388523
policy,1,expected_to_improve,1,4,1,1,0.7395934986897985,0.0025410025309562435
policy,1,expected_to_improve,2,2,2,2,0.5252142857142856,0.0012905457146394899
policy,1,expected_to_improve,3,3,3,3,0.6689786324786325,0.001981847075468357
policy,1,expected_to_improve,5,2,2,2,0.6010546218487394,0.0010379452603490528
policy,1,expected_to_improve,6,3,3,3,0.7088809523809524,0.0008532323864324419
policy,1,expected_to_improve,7,2,2,2,0.642673669467787,0.003046545105646643
policy,1,expected_to_improve,8,2,2,2,0.8281220397249809,0.0018377638555538084
policy,1,reduces_or_prevents,0,2,2,2,0.8055194805194805,0.0187400219824467
policy,1,reduces_or_prevents,1,3,2,2,0.8427059977059977,0.0021889198818467255
policy,1,reduces_or_prevents,3,1,1,1,0.6976190476190476,0.0018017126937011926
policy,1,reduces_or_prevents,5,1,1,1,0.7476923076923077,0.007098897671822354
policy,1,reduces_or_prevents,6,2,2,2,0.7894805194805194,0.001909455611530934
policy,1,reduces_or_prevents,7,2,1,1,0.6137708333333333,0.0014148182679878194
policy,1,requires_or_depends_on,0,4,4,4,0.6303309523809523,0.012321297208628611
policy,1,requires_or_depends_on,1,6,1,1,0.7218306849551414,0.0025749046062210155
policy,1,requires_or_depends_on,3,2,1,1,0.714848901098901,0.0029984997421201366
policy,1,requires_or_depends_on,6,4,2,2,0.7123739779196134,0.003106235621371008
policy,1,requires_or_depends_on,8,1,1,1,0.7595615384615384,0.0010167193377598135
policy,1,risks_or_threatens,0,2,2,2,0.6675884776987718,0.0016804307218085575
policy,1,risks_or_threatens,1,7,3,3,0.8045308848997431,0.003810621164900194
policy,1,risks_or_threatens,3,2,2,2,0.5698051948051948,0.0010219072445521336
policy,1,risks_or_threatens,5,2,1,1,0.7288492063492062,0.0008722127987947599
policy,1,risks_or_threatens,6,4,2,2,0.8414321205110679,0.003590672535019836
policy,1,risks_or_threatens,7,1,1,1,0.859327731092437,0.003618056961853032
policy,1,risks_or_threatens,8,2,2,2,0.6828571428571428,0.0033282929570272813
policy,2,causes_or_increases,0,6,6,6,0.7205158880756604,0.032073854220250546
policy,2,causes_or_increases,1,1,1,1,0.778095238095238,0.002780960587132868
policy,2,causes_or_increases,2,25,7,7,0.7417179497196458,0.006599095973598583
policy,2,causes_or_increases,3,2,2,2,0.8620138888888889,0.0027766961623211634
policy,2,causes_or_increases,4,1,1,1,0.7096428571428571,0.013812191819661883
policy,2,causes_or_increases,5,5,5,5,0.7747055562807666,0.002548157362493273
policy,2,causes_or_increases,6,10,7,7,0.7789640582364494,0.010185346206538663
policy,2,causes_or_increases,7,5,5,5,0.6607378151260505,0.004124709698336032
policy,2,causes_or_increases,8,10,8,8,0.7743619557343242,0.004509820557869832
policy,2,enables_or_supports,0,11,9,9,0.6545997529644269,0.010944740440108021
policy,2,enables_or_supports,1,4,3,3,0.7319338369963369,0.006523421570439841
policy,2,enables_or_supports,2,50,6,6,0.7021442349714171,0.006155518939684079
policy,2,enables_or_supports,3,6,2,2,0.7186806361362067,0.0019503812373372256
policy,2,enables_or_supports,4,1,1,1,0.8184615384615384,0.004152771601368274
policy,2,enables_or_supports,5,8,7,7,0.6841666252094679,0.012964554158951336
policy,2,enables_or_supports,6,7,5,5,0.6796145609382936,0.004346785615948226
policy,2,enables_or_supports,7,10,9,9,0.6752600308830954,0.005353516522961376
policy,2,enables_or_supports,8,2,2,2,0.6310427777777778,0.0017421865206417074
policy,2,expected_to_improve,0,1,1,1,0.4431071428571428,0.0007127720929697649
policy,2,expected_to_improve,2,8,1,1,0.6618101274979689,0.0030502182745481992
policy,2,expected_to_improve,3,2,2,2,0.7225089285714286,0.0030014088037513885
policy,2,expected_to_improve,4,2,2,2,0.7104642857142857,0.002051060750661293
policy,2,expected_to_improve,5,3,3,3,0.8168492063492062,0.008345350287557068
policy,2,expected_to_improve,6,1,1,1,0.6568571428571428,0.0014692485277059903
policy,2,expected_to_improve,7,2,2,2,0.6661909420289855,0.011566684719026004
policy,2,expected_to_improve,8,3,2,2,0.5750468504828504,0.0046611656678329305
policy,2,reduces_or_prevents,1,1,1,1,0.8442307692307693,0.002889427361202419
policy,2,reduces_or_prevents,2,19,2,2,0.7294922096269274,0.004028774625736292
policy,2,reduces_or_prevents,3,1,1,1,0.7048447204968944,0.014189879452289578
policy,2,reduces_or_prevents,4,1,1,1,0.7323082706766917,0.002268612678003523
policy,2,reduces_or_prevents,6,2,2,2,0.6457714285714286,0.007554409607914382
policy,2,reduces_or_prevents,7,1,1,1,0.7511764705882352,0.0029614868461675073
policy,2,requires_or_depends_on,0,2,2,2,0.5174498626373626,0.006201310310696923
policy,2,requires_or_depends_on,1,1,1,1,0.7502605042016806,0.008769373482584731
policy,2,requires_or_depends_on,2,22,4,4,0.695143345767073,0.022634785780844293
policy,2,requires_or_depends_on,4,1,1,1,0.4971318681318681,0.000679206618794525
policy,2,requires_or_depends_on,5,3,2,2,0.6030238095238095,0.0010377977122523934
policy,2,requires_or_depends_on,7,1,1,1,0.88255,0.003919832128431535
policy,2,requires_or_depends_on,8,1,1,1,0.8449999999999999,0.0006243341643101919
policy,2,risks_or_threatens,2,7,1,1,0.8275646258503401,0.003185993196308361
policy,2,risks_or_threatens,6,1,1,1,0.7302857142857142,0.004315574864436948
policy,2,risks_or_threatens,8,2,1,1,0.5957302839717935,0.007406466564083418
policy,3,causes_or_increases,0,7,6,6,0.6623412079983508,0.0016825705995259811
policy,3,causes_or_increases,1,2,2,2,0.6129411764705881,0.0008608238413898141
policy,3,causes_or_increases,2,1,1,1,0.6914285714285714,0.0015431919597301551
policy,3,causes_or_increases,3,18,4,4,0.7173712861813332,0.0015412405283214267
policy,3,causes_or_increases,4,5,2,2,0.716660927960928,0.0015077272592723457
policy,3,causes_or_increases,5,6,5,5,0.7048780284043441,0.003768140565778218
policy,3,causes_or_increases,6,12,6,6,0.7546760890959704,0.001977286341385845
policy,3,causes_or_increases,7,6,4,4,0.7104129365493966,0.002900310900271041
policy,3,causes_or_increases,8,5,4,4,0.7558159507159508,0.0018921203605740723
policy,3,enables_or_supports,0,17,5,5,0.7694296295409928,0.0019671111142363913
policy,3,enables_or_supports,1,5,4,4,0.7857537668308702,0.0031128660810727238
policy,3,enables_or_supports,2,2,2,2,0.68875,0.009322985479308415
policy,3,enables_or_supports,3,61,5,5,0.7179137823626531,0.0016378788151470154
policy,3,enables_or_supports,4,10,6,6,0.7272379230444865,0.0035542496245947125
policy,3,enables_or_supports,5,29,10,10,0.7331712274979932,0.002383694393693025
policy,3,enables_or_supports,6,17,10,10,0.7234964434573823,0.005495054714530761
policy,3,enables_or_supports,7,24,10,10,0.7218672397704626,0.004824369169516132
policy,3,enables_or_supports,8,12,9,9,0.6901709432173515,0.001868550898282374
policy,3,expected_to_improve,0,5,4,4,0.7303215388264486,0.0032304721389841166
policy,3,expected_to_improve,1,1,1,1,0.7333999999999998,0.0014072288313894449
policy,3,expected_to_improve,3,8,4,4,0.6848361476989193,0.0034674188712729755
policy,3,expected_to_improve,4,4,2,2,0.7127786825742972,0.0019418547322328245
policy,3,expected_to_improve,5,1,1,1,0.6107142857142857,0.003407840599849258
policy,3,expected_to_improve,6,1,1,1,0.7790999999999999,0.040969339961065776
policy,3,expected_to_improve,7,3,2,2,0.7050290047642989,0.0043796875520354115
policy,3,reduces_or_prevents,3,1,1,1,0.43238095238095237,0.0009426178713665391
policy,3,reduces_or_prevents,4,1,1,1,0.4974025974025974,0.0007463425302058105
policy,3,reduces_or_prevents,5,1,1,1,0.736,0.000907045634126773
policy,3,reduces_or_prevents,6,1,1,1,0.865,0.002706537528935626
policy,3,requires_or_depends_on,2,3,2,2,0.4871910866910867,0.002984731906803262
policy,3,requires_or_depends_on,3,13,2,2,0.7389344554779057,0.0018565126179652303
policy,3,requires_or_depends_on,4,5,4,4,0.7015474318274317,0.002087609284423552
policy,3,requires_or_depends_on,5,2,2,2,0.569547619047619,0.0012850863484554658
policy,3,requires_or_depends_on,6,1,1,1,0.6821904761904761,0.0023307859863105572
policy,3,requires_or_depends_on,7,2,2,2,0.7618365683229813,0.0015401455194087666
policy,3,requires_or_depends_on,8,3,1,1,0.6845199275038617,0.0016160464774885423
policy,3,risks_or_threatens,0,1,1,1,0.865,0.0015858738012093675
policy,3,risks_or_threatens,3,2,1,1,0.8078614718614718,0.0014073984055819441
policy,3,risks_or_threatens,4,1,1,1,0.7,0.00112268941152798
policy,3,risks_or_threatens,5,1,1,1,0.844,0.003132998399629887
policy,3,risks_or_threatens,6,3,2,2,0.7757005494505494,0.0016089106700932655
policy,4,causes_or_increases,0,4,3,3,0.7211834092442645,0.001699769538725349
policy,4,causes_or_increases,1,1,1,1,0.7276190476190476,0.0016828371317179612
policy,4,causes_or_increases,3,4,3,3,0.7961309523809523,0.0017526194031754448
policy,4,causes_or_increases,4,25,3,3,0.7025162422512472,0.002074875913279026
policy,4,causes_or_increases,5,6,2,2,0.7693780435251023,0.0024885338109384655
policy,4,causes_or_increases,6,5,5,5,0.7571374488256841,0.005112980730810903
policy,4,causes_or_increases,7,2,2,2,0.7085516657255788,0.003763138603904209
policy,4,causes_or_increases,8,7,4,4,0.7429685914154858,0.002408342229732127
policy,4,enables_or_supports,0,8,6,6,0.6683148160485348,0.0067835160376953025
policy,4,enables_or_supports,2,1,1,1,0.7241355042016806,0.0017230163600280885
policy,4,enables_or_supports,3,12,6,6,0.7412642430299878,0.0016623223283936403
policy,4,enables_or_supports,4,22,5,5,0.6600141737119146,0.002214542183727113
policy,4,enables_or_supports,5,10,6,6,0.7347785613127693,0.002631218657302135
policy,4,enables_or_supports,6,7,7,7,0.712746321255775,0.005528098778641989
policy,4,enables_or_supports,7,13,8,8,0.7438453023378844,0.0034318709041812195
policy,4,enables_or_supports,8,7,4,4,0.6668370902906616,0.004402014533701643
policy,4,expected_to_improve,0,1,1,1,0.6310827053140097,0.00093001931034399
policy,4,expected_to_improve,1,1,1,1,0.47620634920634913,0.014399307203118803
policy,4,expected_to_improve,4,5,2,2,0.6322245184550581,0.002426180207256625
policy,4,expected_to_improve,5,5,3,3,0.5666678083028083,0.0031354065545512533
policy,4,expected_to_improve,6,3,3,3,0.6419760239760239,0.008126509015007995
policy,4,expected_to_improve,7,2,2,2,0.8015126050420167,0.0020669974827571295
policy,4,reduces_or_prevents,2,1,1,1,0.7409852216748769,0.005477082690531495
policy,4,reduces_or_prevents,4,4,1,1,0.698205815018315,0.003206693722280313
policy,4,reduces_or_prevents,5,1,1,1,0.7638961038961039,0.0019187318678449466
policy,4,reduces_or_prevents,6,1,1,1,0.6364285714285713,0.001787426271884709
policy,4,reduces_or_prevents,7,1,1,1,0.6142857142857143,0.002446355005373298
policy,4,requires_or_depends_on,0,4,4,4,0.6467104437229437,0.0036288768709729162
policy,4,requires_or_depends_on,1,2,2,2,0.6445645604395605,0.005646932009815067
policy,4,requires_or_depends_on,3,2,1,1,0.6760949328449328,0.001944579062418155
policy,4,requires_or_depends_on,4,6,2,2,0.6905064033189032,0.006307267334464629
policy,4,requires_or_depends_on,5,1,1,1,0.8400714285714286,0.0022445937778339687
policy,4,requires_or_depends_on,6,1,1,1,0.7391904761904761,0.0021788042652203716
policy,4,requires_or_depends_on,7,2,2,2,0.6455521428571427,0.002383406963414487
policy,4,risks_or_threatens,0,2,2,2,0.6459090909090909,0.0018164239311104428
policy,4,risks_or_threatens,1,1,1,1,0.6019642857142857,0.0007648524635885517
policy,4,risks_or_threatens,4,5,1,1,0.713976972354159,0.00293250566263724
policy,4,risks_or_threatens,5,2,2,2,0.8170488721804511,0.0012254047915594747
policy,4,risks_or_threatens,7,1,1,1,0.7628571428571428,0.003752951704747061
policy,4,risks_or_threatens,8,1,1,1,0.6914285714285714,0.002463592876211071
policy,5,causes_or_increases,0,13,6,6,0.716578201524639,0.0036355729986342063
policy,5,causes_or_increases,1,4,4,4,0.85335354596384,0.0030408903141171595
policy,5,causes_or_increases,2,4,4,4,0.8045342522974102,0.0037117869160622234
policy,5,causes_or_increases,3,5,5,5,0.8183223929854364,0.00184788945950705
policy,5,causes_or_increases,4,8,5,5,0.7582273908523909,0.0018811649501384129
policy,5,causes_or_increases,5,26,6,6,0.7209780424675798,0.0028244122647364516
policy,5,causes_or_increases,6,4,4,4,0.7107505470073405,0.002919438790058901
policy,5,causes_or_increases,7,9,5,5,0.7079673116828936,0.0014699372192279558
policy,5,causes_or_increases,8,7,6,6,0.8059396698807323,0.003997605642614904
policy,5,enables_or_supports,0,12,7,7,0.6293555466524215,0.0018050103395244735
policy,5,enables_or_supports,1,8,6,6,0.6664766889367694,0.0019539179175808476
policy,5,enables_or_supports,2,3,3,3,0.7078234126984126,0.00861853001445986
policy,5,enables_or_supports,3,15,7,7,0.7301832074152039,0.0036364220594383248
policy,5,enables_or_supports,4,12,9,9,0.6858543618449334,0.004681605965128876
policy,5,enables_or_supports,5,111,19,19,0.7369088689596383,0.0049285292646531675
policy,5,enables_or_supports,6,10,7,7,0.7528773086439704,0.007740993376660172
policy,5,enables_or_supports,7,29,15,15,0.7301158984493061,0.004676695437522465
policy,5,enables_or_supports,8,18,4,4,0.690143145333486,0.0014020355586372717
policy,5,expected_to_improve,0,5,4,4,0.6745042543663233,0.010896351945894835
policy,5,expected_to_improve,1,1,1,1,0.4492142857142857,0.0026398502318519816
policy,5,expected_to_improve,3,2,2,2,0.8599196428571427,0.002246765059560934
policy,5,expected_to_improve,4,3,3,3,0.7287799145299144,0.010914501383721445
policy,5,expected_to_improve,5,17,8,8,0.6673425354006599,0.007077090019916681
policy,5,expected_to_improve,6,6,6,6,0.8184425661596856,0.007996040616993608
policy,5,expected_to_improve,7,8,5,5,0.7083753046891833,0.0013546759961046329
policy,5,expected_to_improve,8,4,4,4,0.8125346203689255,0.0012691545454624055
policy,5,reduces_or_prevents,0,1,1,1,0.6228571428571428,0.0007846248195893927
policy,5,reduces_or_prevents,1,1,1,1,0.6742857142857143,0.0026220969267986504
policy,5,reduces_or_prevents,2,1,1,1,0.8075675675675675,0.009235993650200289
policy,5,reduces_or_prevents,3,1,1,1,0.7727272727272727,0.002550947503094835
policy,5,reduces_or_prevents,4,1,1,1,0.7201680672268906,0.0009322765059500342
policy,5,reduces_or_prevents,5,1,1,1,0.6956780538302277,0.0016617965998145749
policy,5,reduces_or_prevents,6,2,2,2,0.7967857142857143,0.003397978949760871
policy,5,reduces_or_prevents,7,1,1,1,0.8323809523809522,0.0005848215383155684
policy,5,reduces_or_prevents,8,2,2,2,0.7193428317169734,0.019698161071865415
policy,5,requires_or_depends_on,0,4,4,4,0.5871628787878788,0.0015812940106688662
policy,5,requires_or_depends_on,2,1,1,1,0.7746153846153846,0.002054776209950245
policy,5,requires_or_depends_on,3,1,1,1,0.5519579831932773,0.0012738213938137536
policy,5,requires_or_depends_on,5,5,3,3,0.6812879375621216,0.0038172192154106712
policy,5,requires_or_depends_on,6,3,2,2,0.7649665489384159,0.001440916263563098
policy,5,requires_or_depends_on,8,1,1,1,0.771016806722689,0.0015227488870936594
policy,5,risks_or_threatens,2,1,1,1,0.6070416666666666,0.00642850034898441
policy,5,risks_or_threatens,4,2,2,2,0.6382048345041811,0.008662191946019483
policy,5,risks_or_threatens,6,1,1,1,0.7201680672268906,0.0010702972038947871
policy,5,risks_or_threatens,7,2,2,2,0.8006050420168067,0.002390026356087908
policy,6,causes_or_increases,0,20,15,15,0.6882633038291103,0.004894495818068635
policy,6,causes_or_increases,1,15,7,7,0.7947386059955394,0.003545055454517113
policy,6,causes_or_increases,2,7,5,5,0.742245914457737,0.002722860125140601
policy,6,causes_or_increases,3,8,4,4,0.7142555573716901,0.004292830895502329
policy,6,causes_or_increases,4,9,7,7,0.7703124969171518,0.007634481587425708
policy,6,causes_or_increases,5,10,9,9,0.7190425667789462,0.006679564847011113
policy,6,causes_or_increases,6,62,25,25,0.7285852557712105,0.006051056343650777
policy,6,causes_or_increases,7,18,11,11,0.7317013810559734,0.002770844680568245
policy,6,causes_or_increases,8,12,9,9,0.7106605756066263,0.0019120642570565928
policy,6,enables_or_supports,0,11,9,9,0.6759526515470702,0.003076340330611259
policy,6,enables_or_supports,1,12,6,6,0.7429537012375618,0.002890825577671462
policy,6,enables_or_supports,2,7,6,6,0.7773986394557822,0.009640152343328837
policy,6,enables_or_supports,3,8,6,6,0.7154543284795802,0.002427996121193708
policy,6,enables_or_supports,4,14,9,9,0.696870159518616,0.0048358718756830845
policy,6,enables_or_supports,5,19,13,13,0.6387233861662633,0.007996833333667625
policy,6,enables_or_supports,6,49,18,18,0.6907402682829192,0.006108733002090723
policy,6,enables_or_supports,7,24,14,14,0.6168429998269703,0.004689711892408838
policy,6,enables_or_supports,8,17,7,7,0.6741407110501954,0.002113408464462502
policy,6,expected_to_improve,1,1,1,1,0.5147272727272726,0.003208106150314389
policy,6,expected_to_improve,3,2,2,2,0.6414761904761904,0.001240659383308522
policy,6,expected_to_improve,4,2,2,2,0.5667637362637362,0.004719614247202852
policy,6,expected_to_improve,5,4,3,3,0.6060455491071428,0.0024074876777074
policy,6,expected_to_improve,6,8,7,7,0.6036280547214413,0.0169533077821303
policy,6,expected_to_improve,7,4,3,3,0.6725915521978022,0.0022536755173280937
policy,6,expected_to_improve,8,3,3,3,0.7241888888888889,0.017994638403964123
policy,6,reduces_or_prevents,0,5,3,3,0.7224564935064934,0.009131477249151532
policy,6,reduces_or_prevents,1,1,1,1,0.87,0.0065773902314012495
policy,6,reduces_or_prevents,2,1,1,1,0.9210526315789473,0.0036111720312936484
policy,6,reduces_or_prevents,4,4,4,4,0.6808915278270117,0.007972796740441967
policy,6,reduces_or_prevents,5,2,2,2,0.7185027472527472,0.0015517037260203757
policy,6,reduces_or_prevents,6,20,14,14,0.6801849476525927,0.013771493760465613
policy,6,reduces_or_prevents,7,3,3,3,0.6509340659340659,0.0018201824350532316
policy,6,reduces_or_prevents,8,1,1,1,0.8873202614379085,0.004774575108722278
policy,6,requires_or_depends_on,0,7,7,7,0.707564595453566,0.031728609564817205
policy,6,requires_or_depends_on,1,3,1,1,0.6729432773109244,0.004780955563821656
policy,6,requires_or_depends_on,2,1,1,1,0.7667857142857142,0.001230648258696217
policy,6,requires_or_depends_on,3,2,2,2,0.6094702380952381,0.0013927867383059346
policy,6,requires_or_depends_on,4,2,2,2,0.8802950549450549,0.0033263687039599386
policy,6,requires_or_depends_on,5,6,5,5,0.6857124352771411,0.0037487410784973426
policy,6,requires_or_depends_on,6,29,8,8,0.6435794682779891,0.002736805580963592
policy,6,requires_or_depends_on,7,7,6,6,0.6367593507682793,0.003909687561707723
policy,6,requires_or_depends_on,8,1,1,1,0.6835064935064935,0.0009244038280709793
policy,6,risks_or_threatens,1,4,3,3,0.7052199792960662,0.0018352151224699054
policy,6,risks_or_threatens,3,1,1,1,0.9117647058823529,0.0022878477679229435
policy,6,risks_or_threatens,4,1,1,1,0.95,0.0014719121633013459
policy,6,risks_or_threatens,6,13,10,10,0.6894808716924101,0.005194564265243838
policy,6,risks_or_threatens,7,1,1,1,0.6853781512605042,0.018079371150256613
policy,6,risks_or_threatens,8,1,1,1,0.7257142857142856,0.0008590821725823781
policy,7,causes_or_increases,0,13,7,7,0.7127696681021161,0.0034601469096106406
policy,7,causes_or_increases,1,3,3,3,0.7325564892623716,0.010481580622681166
policy,7,causes_or_increases,2,1,1,1,0.7949999999999999,0.0017365594290186179
policy,7,causes_or_increases,3,8,7,7,0.7925161828224543,0.002542210354335391
policy,7,causes_or_increases,4,10,8,8,0.7797667917595567,0.004719562529836344
policy,7,causes_or_increases,5,10,7,7,0.6858167578036,0.004731233506959402
policy,7,causes_or_increases,6,16,10,10,0.7524258917025828,0.008977842531227555
policy,7,causes_or_increases,7,33,15,15,0.6759776910669033,0.002660265837986734
policy,7,causes_or_increases,8,12,8,8,0.6934699694942533,0.0019881470339223406
policy,7,enables_or_supports,0,26,15,15,0.7084154266922446,0.009616662036484869
policy,7,enables_or_supports,1,5,4,4,0.7289795517525952,0.005312043859266327
policy,7,enables_or_supports,2,10,9,9,0.6795957722421657,0.005643939511747332
policy,7,enables_or_supports,3,15,9,9,0.68899409525819,0.003731248135695879
policy,7,enables_or_supports,4,17,13,13,0.6762174222440457,0.007840752229434743
policy,7,enables_or_supports,5,36,14,14,0.7029878028971576,0.008375486731682237
policy,7,enables_or_supports,6,27,13,13,0.7065231823127247,0.0044564078095732955
policy,7,enables_or_supports,7,75,23,23,0.62572718245408,0.004144060542359546
policy,7,enables_or_supports,8,23,13,13,0.6820157732296743,0.003933554755127951
policy,7,expected_to_improve,0,10,6,6,0.6084457738095238,0.010383088384712776
policy,7,expected_to_improve,1,2,2,2,0.7535562713148919,0.007235824218997331
policy,7,expected_to_improve,2,2,2,2,0.7071948051948052,0.0036903820827747197
policy,7,expected_to_improve,3,3,2,2,0.6457594612794612,0.0014649331804755248
policy,7,expected_to_improve,4,4,4,4,0.5986889470443348,0.0017855656987014238
policy,7,expected_to_improve,5,5,4,4,0.7052655040356063,0.049885179168385314
policy,7,expected_to_improve,6,6,5,5,0.6973522702991453,0.003995015356041159
policy,7,expected_to_improve,7,9,7,7,0.6933209469875137,0.008056477489828993
policy,7,expected_to_improve,8,7,5,5,0.6894941237334093,0.0036607093877145144
policy,7,reduces_or_prevents,0,1,1,1,0.7999999999999999,0.003618456350083948
policy,7,reduces_or_prevents,1,1,1,1,0.643956043956044,0.00688896355857323
policy,7,reduces_or_prevents,4,4,3,3,0.6311923076923077,0.0031340701616998532
policy,7,reduces_or_prevents,5,1,1,1,0.7655555555555555,0.000539861242975726
policy,7,reduces_or_prevents,6,5,5,5,0.7080490783410138,0.04280149107490823
policy,7,reduces_or_prevents,7,7,6,6,0.7224532634377354,0.0029325306753856624
policy,7,reduces_or_prevents,8,3,3,3,0.7859999999999999,0.003284438913015121
policy,7,requires_or_depends_on,0,3,3,3,0.5769351898101897,0.009495179814510207
policy,7,requires_or_depends_on,1,1,1,1,0.7912142857142856,0.0043702871080993425
policy,7,requires_or_depends_on,2,1,1,1,0.8463636363636363,0.0023755137314365416
policy,7,requires_or_depends_on,3,2,2,2,0.6877886904761904,0.0026129596494536686
policy,7,requires_or_depends_on,5,2,2,2,0.8012232142857142,0.003364934275631797
policy,7,requires_or_depends_on,6,4,4,4,0.6346339285714285,0.006178722922764327
policy,7,requires_or_depends_on,7,15,8,8,0.7022369243737843,0.005079655557335682
policy,7,requires_or_depends_on,8,6,4,4,0.6346955564043798,0.002230686594050083
policy,7,risks_or_threatens,0,2,2,2,0.5839705882352941,0.00543161447070056
policy,7,risks_or_threatens,2,1,1,1,0.7818181818181817,0.0006924844482973205
policy,7,risks_or_threatens,5,1,1,1,0.8833333333333333,0.006577577734746019
policy,7,risks_or_threatens,7,2,2,2,0.6603221288515406,0.009131396633438156
policy,7,risks_or_threatens,8,3,3,3,0.6394915824915824,0.001485547314851142
policy,8,causes_or_increases,0,14,11,11,0.7459492473385422,0.007270111759335428
policy,8,causes_or_increases,1,3,1,1,0.6121811521811521,0.001789700878460472
policy,8,causes_or_increases,2,3,3,3,0.828528789293495,0.006154161460563047
policy,8,causes_or_increases,3,8,5,5,0.7424300172756673,0.0016592666601656643
policy,8,causes_or_increases,4,9,6,6,0.727969754346566,0.002525226925744146
policy,8,causes_or_increases,5,12,9,9,0.7397744661707476,0.0024668757564069556
policy,8,causes_or_increases,6,13,9,9,0.6336957945900253,0.00618148608751301
policy,8,causes_or_increases,7,20,12,12,0.7389577338867837,0.0027856069208634605
policy,8,causes_or_increases,8,43,14,14,0.7037471534660006,0.003956249052657917
policy,8,enables_or_supports,0,11,9,9,0.7075427905427905,0.0037594640485989262
policy,8,enables_or_supports,1,11,9,9,0.6860331179207265,0.005828718212999438
policy,8,enables_or_supports,2,7,6,6,0.7911016224671686,0.005190565986162921
policy,8,enables_or_supports,3,14,7,7,0.7601954849699181,0.0022777502922534843
policy,8,enables_or_supports,4,3,3,3,0.5935500345065562,0.00216393272519675
policy,8,enables_or_supports,5,25,11,11,0.7040268594073096,0.0019375838971212134
policy,8,enables_or_supports,6,22,15,15,0.7096460857536564,0.0069269742932308
policy,8,enables_or_supports,7,30,20,20,0.7424512335676317,0.005512179486814748
policy,8,enables_or_supports,8,37,14,14,0.6914152204262475,0.004897234056596636
policy,8,expected_to_improve,0,2,2,2,0.7156522727272727,0.0038712227492538652
policy,8,expected_to_improve,1,2,2,2,0.7855972222222222,0.002335594851376621
policy,8,expected_to_improve,2,5,3,3,0.7218130264180264,0.0024338891690680016
policy,8,expected_to_improve,3,1,1,1,0.8400714285714286,0.0026794301318651716
policy,8,expected_to_improve,4,4,4,4,0.6671947032436162,0.020614098212450544
policy,8,expected_to_improve,5,4,4,4,0.6404835912698412,0.0019062792962274734
policy,8,expected_to_improve,6,5,5,5,0.7374488095238094,0.007357897593663709
policy,8,expected_to_improve,7,5,4,4,0.6780401779701779,0.0019075964724645186
policy,8,expected_to_improve,8,16,7,7,0.6838117806274127,0.0029714894600761394
policy,8,reduces_or_prevents,1,2,1,1,0.7673418972332016,0.0030720605555628914
policy,8,reduces_or_prevents,2,1,1,1,0.7914390756302521,0.0019731354678511233
policy,8,reduces_or_prevents,3,3,3,3,0.8876190476190476,0.0030688075416395624
policy,8,reduces_or_prevents,4,3,3,3,0.673074060269269,0.001849453229610547
policy,8,reduces_or_prevents,5,1,1,1,0.7398518518518519,0.0017602666011566172
policy,8,reduces_or_prevents,6,4,4,4,0.7790589763177999,0.003963154323499759
policy,8,reduces_or_prevents,7,4,4,4,0.6706269841269841,0.004888717617064907
policy,8,reduces_or_prevents,8,9,8,8,0.7574948318565966,0.006344303968702584
policy,8,requires_or_depends_on,0,4,4,4,0.6419759740259741,0.0024391562248167317
policy,8,requires_or_depends_on,2,1,1,1,0.8175014662756599,0.001049513642491088
policy,8,requires_or_depends_on,3,1,1,1,0.5238571428571428,0.001241374596295366
policy,8,requires_or_depends_on,4,4,2,2,0.6237448933071239,0.0017915225834579688
policy,8,requires_or_depends_on,5,2,2,2,0.7518745421245421,0.0052040713723082
policy,8,requires_or_depends_on,6,5,4,4,0.7508192546583851,0.002850917766340734
policy,8,requires_or_depends_on,7,1,1,1,0.6059642857142857,0.0005631402582975596
policy,8,requires_or_depends_on,8,9,5,5,0.6865297998358455,0.0033118061140722846
policy,8,risks_or_threatens,1,1,1,1,0.787912087912088,0.001950584937465954
policy,8,risks_or_threatens,4,1,1,1,0.591111111111111,0.0009309783430020793
policy,8,risks_or_threatens,5,3,3,3,0.8061759530791788,0.012011067257056368
policy,8,risks_or_threatens,6,1,1,1,0.7206896551724138,0.03656742304937385
policy,8,risks_or_threatens,7,1,1,1,0.8234224598930481,0.006096162258860213
policy,8,risks_or_threatens,8,2,2,2,0.6676428571428572,0.009624506781474878
sentiment,0,causes_or_increases,0,12,6,6,0.7636154332809068,0.006606302408448381
sentiment,0,causes_or_increases,1,10,5,5,0.6787909562840597,0.003697879374501388
sentiment,0,causes_or_increases,2,3,2,2,0.7749726662226663,0.002945225439931278
sentiment,0,causes_or_increases,3,4,3,3,0.7867530959752321,0.0026145310064888613
sentiment,0,causes_or_increases,4,4,2,2,0.7722886904761904,0.002228804900726981
sentiment,0,causes_or_increases,5,2,2,2,0.4757563025210084,0.003344013677192926
sentiment,0,causes_or_increases,6,2,2,2,0.7814945697577276,0.007033026806065427
sentiment,0,causes_or_increases,7,3,2,2,0.7849288960666669,0.005290696477043365
sentiment,0,causes_or_increases,8,5,5,5,0.8043656343656342,0.005914956213630242
sentiment,0,enables_or_supports,0,6,5,5,0.7302921207060913,0.005444578023880441
sentiment,0,enables_or_supports,1,8,2,2,0.6964138101073762,0.0021687862196412082
sentiment,0,enables_or_supports,2,1,1,1,0.7172100840336133,0.0015975421764487436
sentiment,0,enables_or_supports,3,3,2,2,0.7012010892333472,0.002496828352291305
sentiment,0,enables_or_supports,4,3,1,1,0.7579936702936703,0.0017531575833727297
sentiment,0,enables_or_supports,5,4,2,2,0.6186061386530135,0.0034778686235046466
sentiment,0,enables_or_supports,6,4,4,4,0.634548593073593,0.006889168944291706
sentiment,0,enables_or_supports,7,9,4,4,0.6976978594553594,0.007292187826654996
sentiment,0,enables_or_supports,8,3,3,3,0.6434320728291315,0.0067447548210452304
sentiment,0,expected_to_improve,0,3,3,3,0.7889797557997557,0.0030416288137254392
sentiment,0,expected_to_improve,4,2,2,2,0.6807080357142856,0.016342121249041542
sentiment,0,expected_to_improve,5,1,1,1,0.7094464285714285,0.00504272986790645
sentiment,0,expected_to_improve,8,1,1,1,0.6644071428571428,0.0034454110448288496
sentiment,0,reduces_or_prevents,0,1,1,1,0.8125,0.0025200531247926393
sentiment,0,reduces_or_prevents,1,1,1,1,0.7438961038961038,0.02209263746833369
sentiment,0,reduces_or_prevents,6,1,1,1,0.6585714285714286,0.0023159594158360234
sentiment,0,reduces_or_prevents,7,1,1,1,0.8327272727272726,0.009256256829374098
sentiment,0,requires_or_depends_on,0,1,1,1,0.6493263305322128,0.001949076410192928
sentiment,0,requires_or_depends_on,5,1,1,1,0.43699999999999994,0.006342491840919951
sentiment,0,risks_or_threatens,0,1,1,1,0.7955911330049261,0.002388118017988857
sentiment,0,risks_or_threatens,6,1,1,1,0.7685714285714286,0.0035954666612353177
sentiment,1,causes_or_increases,0,7,5,5,0.7628067137867711,0.010080137712254683
sentiment,1,causes_or_increases,1,7,4,4,0.7664443026830244,0.02386033410896085
sentiment,1,causes_or_increases,3,1,1,1,0.8245238095238094,0.0012777900471443277
sentiment,1,causes_or_increases,4,2,1,1,0.6876015243902439,0.0030677552236195197
sentiment,1,causes_or_increases,5,4,4,4,0.6478124723573639,0.004403767739696765
sentiment,1,causes_or_increases,6,2,2,2,0.9001196172248803,0.002600735148103668
sentiment,1,causes_or_increases,8,2,2,2,0.7068891926786662,0.0022692797164820073
sentiment,1,enables_or_supports,0,5,2,2,0.6668999999999998,0.001959779508136605
sentiment,1,enables_or_supports,1,8,3,3,0.676348370480326,0.002923949544903757
sentiment,1,enables_or_supports,3,3,3,3,0.8086498015873015,0.004688854327075299
sentiment,1,enables_or_supports,4,3,3,3,0.5192613481289952,0.007541343636491236
sentiment,1,enables_or_supports,5,4,3,3,0.7283763776078993,0.0015874992879514466
sentiment,1,enables_or_supports,6,2,2,2,0.6787354497354496,0.0023989046843716525
sentiment,1,enables_or_supports,7,5,1,1,0.6903894440853262,0.001612981776334532
sentiment,1,enables_or_supports,8,2,1,1,0.7023107843137255,0.001296163128246583
sentiment,1,expected_to_improve,0,2,2,2,0.6659330357142856,0.0030957608114237055
sentiment,1,expected_to_improve,1,1,1,1,0.6638571428571428,0.0009703668842966378
sentiment,1,expected_to_improve,4,1,1,1,0.5957857142857143,0.0011704430707184077
sentiment,1,reduces_or_prevents,2,1,1,1,0.9049673202614379,0.017621351601954723
sentiment,1,requires_or_depends_on,1,1,1,1,0.6180588235294117,0.0008406969413629176
sentiment,1,requires_or_depends_on,5,2,1,1,0.741350802686666,0.001970837291541922
sentiment,1,requires_or_depends_on,6,1,1,1,0.7301428571428571,0.009225388161158326
sentiment,1,requires_or_depends_on,7,1,1,1,0.6568571428571428,0.001942420561745277
sentiment,1,risks_or_threatens,1,1,1,1,0.865,0.0042539894497280436
sentiment,1,risks_or_threatens,3,1,1,1,0.5519999999999999,0.0026184827315788
sentiment,2,causes_or_increases,0,3,2,2,0.6937391304347825,0.019938568715251934
sentiment,2,causes_or_increases,1,2,2,2,0.8883333333333332,0.02638851824116103
sentiment,2,causes_or_increases,2,3,2,2,0.7647310547875064,0.006943573780779657
sentiment,2,causes_or_increases,3,2,2,2,0.8271445221445222,0.007248146016225533
sentiment,2,causes_or_increases,5,1,1,1,0.5761904761904761,0.0005339775445495247
sentiment,2,causes_or_increases,6,1,1,1,0.748,0.005214468406514779
sentiment,2,causes_or_increases,8,2,1,1,0.7345021645021645,0.006422792731150068
sentiment,2,enables_or_supports,0,1,1,1,0.785551724137931,0.0022911589587611652
sentiment,2,enables_or_supports,1,5,3,3,0.7090084213988626,0.022213777528110563
sentiment,2,enables_or_supports,2,3,1,1,0.668345009157509,0.007889417453900245
sentiment,2,enables_or_supports,3,1,1,1,0.7327857142857143,0.004594043244846456
sentiment,2,enables_or_supports,5,2,1,1,0.6477084033613445,0.006800986693236704
sentiment,2,enables_or_supports,6,3,3,3,0.6092821492233257,0.004142395487657077
sentiment,2,enables_or_supports,7,3,2,2,0.6700404927099045,0.003620349054615875
sentiment,2,enables_or_supports,8,1,1,1,0.6450541125541126,0.0038970398120017407
sentiment,2,expected_to_improve,5,1,1,1,0.7636944444444443,0.01929990442668646
sentiment,2,reduces_or_prevents,6,1,1,1,0.7201680672268906,0.006451070005213637
sentiment,2,reduces_or_prevents,7,1,1,1,0.7719999999999999,0.008174724885811795
sentiment,2,reduces_or_prevents,8,1,1,1,0.629,0.003206840528200294
sentiment,2,requires_or_depends_on,2,1,1,1,0.8537608695652175,0.002882192598453439
sentiment,2,requires_or_depends_on,5,2,1,1,0.8831176470588235,0.001913694129901289
sentiment,2,requires_or_depends_on,6,1,1,1,0.8391666666666666,0.0016205512297320537
sentiment,2,requires_or_depends_on,8,1,1,1,0.83,0.002046306817408736
sentiment,2,risks_or_threatens,1,1,1,1,0.775889724310777,0.006981460571231631
sentiment,3,causes_or_increases,0,4,3,3,0.7780241043785935,0.0066375505091252444
sentiment,3,causes_or_increases,1,3,3,3,0.6450180375180375,0.00964035688840376
sentiment,3,causes_or_increases,3,7,3,3,0.6930451453308596,0.002520310885067312
sentiment,3,causes_or_increases,4,1,1,1,0.9037426900584794,0.002525707161695466
sentiment,3,causes_or_increases,5,3,3,3,0.7584126984126985,0.004652315507398089
sentiment,3,causes_or_increases,6,8,4,4,0.7771694601086048,0.005895792398932484
sentiment,3,causes_or_increases,7,3,2,2,0.765681425786689,0.008330262270082529
sentiment,3,causes_or_increases,8,2,2,2,0.7849922360248447,0.001762819187782413
sentiment,3,enables_or_supports,0,3,3,3,0.7091378976096366,0.003856872484412166
sentiment,3,enables_or_supports,2,1,1,1,0.7532995169082124,0.0019370729977679923
sentiment,3,enables_or_supports,3,9,5,5,0.7022490334378264,0.0049728375257002315
sentiment,3,enables_or_supports,4,1,1,1,0.8043333333333332,0.02179845049875394
sentiment,3,enables_or_supports,5,2,2,2,0.7309663542340012,0.0072484008234716905
sentiment,3,enables_or_supports,6,5,2,2,0.735082857142857,0.005542181154568966
sentiment,3,enables_or_supports,7,6,2,2,0.6994506944444444,0.002181082686317184
sentiment,3,enables_or_supports,8,1,1,1,0.8338888888888888,0.0015709485389158093
sentiment,3,expected_to_improve,3,1,1,1,0.6808333333333333,0.0019887390750784046
sentiment,3,expected_to_improve,7,1,1,1,0.6853571428571428,0.018704525262601968
sentiment,3,expected_to_improve,8,1,1,1,0.6163690476190475,0.0008726731360195008
sentiment,3,reduces_or_prevents,1,1,1,1,0.71875,0.0010504135551447035
sentiment,3,reduces_or_prevents,3,2,2,2,0.7491071428571429,0.015046140629095161
sentiment,3,reduces_or_prevents,5,1,1,1,0.7376923076923078,0.0017110120724444717
sentiment,3,requires_or_depends_on,0,1,1,1,0.4971318681318681,0.0007800672895862246
sentiment,3,requires_or_depends_on,3,4,2,2,0.7687743912337662,0.0037148536745821438
sentiment,3,requires_or_depends_on,4,2,2,2,0.7824538398692811,0.004735307889232846
sentiment,3,requires_or_depends_on,6,1,1,1,0.8332857142857141,0.0063047325959759625
sentiment,3,requires_or_depends_on,7,1,1,1,0.867440476190476,0.00887967273034686
sentiment,3,risks_or_threatens,6,1,1,1,0.6952380952380952,0.005797450379538966
sentiment,4,causes_or_increases,1,5,4,4,0.7124591630591631,0.010626466720347302
sentiment,4,causes_or_increases,2,3,2,2,0.7552778039191083,0.004846366586228216
sentiment,4,causes_or_increases,3,5,5,5,0.6233369047619047,0.002627612449500287
sentiment,4,causes_or_increases,4,8,2,2,0.7798082187420422,0.005110168300950486
sentiment,4,causes_or_increases,5,4,3,3,0.8099882055609453,0.004157354386912195
sentiment,4,causes_or_increases,6,3,3,3,0.6450610249965089,0.004713883503383624
sentiment,4,causes_or_increases,7,2,2,2,0.7438961038961038,0.008214190988945075
sentiment,4,causes_or_increases,8,3,2,2,0.7487499999999999,0.0024971177033938957
sentiment,4,enables_or_supports,1,5,4,4,0.6891705266955266,0.009969829118621126
sentiment,4,enables_or_supports,2,3,2,2,0.5978692723469466,0.006709782185550347
sentiment,4,enables_or_supports,3,2,2,2,0.7602083333333333,0.002263088879618089
sentiment,4,enables_or_supports,4,2,2,2,0.7257351365546219,0.00444577295521581
sentiment,4,enables_or_supports,5,4,2,2,0.7229489718614718,0.003487311748742184
sentiment,4,enables_or_supports,6,1,1,1,0.8899999999999999,0.0048227674476329805
sentiment,4,enables_or_supports,7,5,3,3,0.7456998943890247,0.0029805503084527536
sentiment,4,enables_or_supports,8,3,3,3,0.704532212885154,0.02690839795627492
sentiment,4,expected_to_improve,4,3,2,2,0.7063986568986568,0.007163387597487958
sentiment,4,expected_to_improve,6,1,1,1,0.7699130434782608,0.0031709826564663376
sentiment,4,expected_to_improve,7,2,2,2,0.7869322660098521,0.004703363382193224
sentiment,4,expected_to_improve,8,1,1,1,0.7134870129870129,0.0028190622966336194
sentiment,4,reduces_or_prevents,4,1,1,1,0.8066963292547275,0.05144452102348516
sentiment,4,reduces_or_prevents,6,2,2,2,0.6551510989010989,0.0023995836179562463
sentiment,4,requires_or_depends_on,3,2,1,1,0.8489199999999999,0.003478608532009103
sentiment,4,requires_or_depends_on,6,1,1,1,0.686758064516129,0.004061999200897141
sentiment,4,requires_or_depends_on,7,2,2,2,0.8540819327731092,0.004483883488412465
sentiment,4,risks_or_threatens,1,1,1,1,0.6161511627906977,0.025064463089741754
sentiment,4,risks_or_threatens,8,1,1,1,0.7528571428571428,0.0041100074917714835
sentiment,5,causes_or_increases,0,2,2,2,0.6598138528138527,0.0030532893081922086
sentiment,5,causes_or_increases,1,2,2,2,0.6393214285714286,0.003203354560398701
sentiment,5,causes_or_increases,2,2,1,1,0.801344537815126,0.0015151261156559773
sentiment,5,causes_or_increases,3,3,3,3,0.8182473118279571,0.01114093962366978
sentiment,5,causes_or_increases,4,1,1,1,0.8772514619883041,0.005865847604262499
sentiment,5,causes_or_increases,5,7,4,4,0.7746925911020017,0.0036622287949535123
sentiment,5,causes_or_increases,6,5,4,4,0.7702715861561605,0.004333450889374098
sentiment,5,causes_or_increases,7,2,2,2,0.8850274725274725,0.007782061032951052
sentiment,5,causes_or_increases,8,3,2,2,0.8953439153439153,0.0023815761782467054
sentiment,5,enables_or_supports,0,1,1,1,0.71,0.0024581470696779127
sentiment,5,enables_or_supports,1,2,2,2,0.6875285714285714,0.002085081508873333
sentiment,5,enables_or_supports,2,1,1,1,0.7249527027027026,0.0012232434883847336
sentiment,5,enables_or_supports,3,3,3,3,0.7058418375151478,0.002382351097187311
sentiment,5,enables_or_supports,4,2,2,2,0.8002619047619046,0.003127569793313835
sentiment,5,enables_or_supports,5,15,4,4,0.7451148659294041,0.00860824502703325
sentiment,5,enables_or_supports,6,2,1,1,0.751198731884058,0.0018739053976646715
sentiment,5,enables_or_supports,7,5,2,2,0.7300701230876966,0.004121437686236143
sentiment,5,enables_or_supports,8,1,1,1,0.8606373626373627,0.001996304470421753
sentiment,5,expected_to_improve,5,5,3,3,0.6868198649846231,0.0071128535685226115
sentiment,5,expected_to_improve,7,2,2,2,0.8119607142857141,0.011278492080212855
sentiment,5,expected_to_improve,8,1,1,1,0.7970499999999999,0.0014994688716612676
sentiment,5,reduces_or_prevents,0,1,1,1,0.5565934065934065,0.015783312536076784
sentiment,5,reduces_or_prevents,1,1,1,1,0.7826666666666666,0.002436175841739678
sentiment,5,reduces_or_prevents,5,1,1,1,0.7734065934065935,0.009256235013067406
sentiment,5,requires_or_depends_on,0,2,2,2,0.7662532967032967,0.004179359333889271
sentiment,5,requires_or_depends_on,1,2,2,2,0.5808571428571427,0.005663394817164252
sentiment,5,requires_or_depends_on,3,2,1,1,0.6818757763975155,0.006669440584177892
sentiment,5,requires_or_depends_on,5,2,2,2,0.6817507936507936,0.019411469660998642
sentiment,5,requires_or_depends_on,6,1,1,1,0.6850384615384615,0.0029408714558484487
sentiment,5,requires_or_depends_on,7,2,2,2,0.7501589743589743,0.014383916326858676
sentiment,5,requires_or_depends_on,8,1,1,1,0.612489010989011,0.007021213958891261
sentiment,5,risks_or_threatens,5,2,1,1,0.7633928571428571,0.0024761768578972134
sentiment,6,causes_or_increases,0,1,1,1,0.7762406015037594,0.002131617796080134
sentiment,6,causes_or_increases,1,1,1,1,0.96,0.006624444228236481
sentiment,6,causes_or_increases,3,4,4,4,0.6690727200314616,0.002362528906214318
sentiment,6,causes_or_increases,4,2,1,1,0.7883333333333333,0.004463980331205462
sentiment,6,causes_or_increases,5,2,2,2,0.657481684981685,0.001292336057057592
sentiment,6,causes_or_increases,6,16,7,7,0.7220942021246297,0.007806255019053925
sentiment,6,causes_or_increases,7,2,2,2,0.8895294117647059,0.00610044753375299
sentiment,6,causes_or_increases,8,8,4,4,0.7079147003146162,0.005225083516078474
sentiment,6,enables_or_supports,0,2,2,2,0.6658196988196988,0.00457289895568184
sentiment,6,enables_or_supports,1,2,2,2,0.5978214285714285,0.004513423745984846
sentiment,6,enables_or_supports,3,4,2,2,0.7892374239350911,0.004466104606363753
sentiment,6,enables_or_supports,4,2,2,2,0.6967028298498886,0.003478292146616935
sentiment,6,enables_or_supports,5,1,1,1,0.8304838709677419,0.008359984914696353
sentiment,6,enables_or_supports,6,2,2,2,0.8443073593073593,0.013045545190731405
sentiment,6,enables_or_supports,7,2,2,2,0.7392046130952381,0.00831442966086806
sentiment,6,expected_to_improve,4,1,1,1,0.6098095238095238,0.005116832949121408
sentiment,6,expected_to_improve,6,2,2,2,0.8548267857142856,0.021405476282287925
sentiment,6,expected_to_improve,8,1,1,1,0.6306190476190475,0.004839197368766544
sentiment,6,reduces_or_prevents,3,1,1,1,0.7875,0.00394079062386906
sentiment,6,reduces_or_prevents,4,1,1,1,0.7898991935483871,0.02256490771543783
sentiment,6,reduces_or_prevents,6,3,2,2,0.8635469067969068,0.007045832606074893
sentiment,6,requires_or_depends_on,1,1,1,1,0.7815729166666666,0.005391379720318178
sentiment,6,requires_or_depends_on,3,1,1,1,0.7040178571428571,0.011813003999774172
sentiment,6,requires_or_depends_on,4,1,1,1,0.6561785714285714,0.0039316898063779014
sentiment,6,requires_or_depends_on,5,2,2,2,0.6886488795518206,0.013331528394098421
sentiment,6,requires_or_depends_on,6,4,3,3,0.6831664880952381,0.004694162140191394
sentiment,6,risks_or_threatens,1,1,1,1,0.98,0.005386329631557954
sentiment,6,risks_or_threatens,3,1,1,1,0.9354545454545455,0.005535961715731245
sentiment,6,risks_or_threatens,8,1,1,1,0.6142857142857143,0.01808161989372785
sentiment,7,causes_or_increases,0,5,5,5,0.7827798867798867,0.004887177318719906
sentiment,7,causes_or_increases,1,2,2,2,0.7646031746031745,0.002537265039468363
sentiment,7,causes_or_increases,2,1,1,1,0.8527272727272727,0.002570139915348203
sentiment,7,causes_or_increases,3,1,1,1,0.7762406015037594,0.0019772516524611703
sentiment,7,causes_or_increases,4,1,1,1,0.5711779448621553,0.002983935365546311
sentiment,7,causes_or_increases,5,4,3,3,0.7693154941952582,0.0088685261445632
sentiment,7,causes_or_increases,6,5,4,4,0.6289164835164834,0.009108957279168587
sentiment,7,causes_or_increases,7,12,3,3,0.771748961327659,0.00498343909533499
sentiment,7,causes_or_increases,8,2,2,2,0.7250615634365634,0.0030590354636812847
sentiment,7,enables_or_supports,0,7,3,3,0.7413310621124907,0.002761186472195714
sentiment,7,enables_or_supports,1,2,2,2,0.6909926686217007,0.004348788667001198
sentiment,7,enables_or_supports,2,2,2,2,0.8175741758241758,0.006770207690768144
sentiment,7,enables_or_supports,3,1,1,1,0.8489999999999999,0.0037715050799124513
sentiment,7,enables_or_supports,4,2,2,2,0.5975082417582417,0.002585474770852104
sentiment,7,enables_or_supports,5,2,1,1,0.5196653011204482,0.0017143093585845193
sentiment,7,enables_or_supports,7,9,3,3,0.7948829076712325,0.003716841253838422
sentiment,7,enables_or_supports,8,3,3,3,0.7911641348847231,0.008946722856766483
sentiment,7,expected_to_improve,0,2,2,2,0.7956756756756757,0.001556645818346814
sentiment,7,expected_to_improve,5,1,1,1,0.8685714285714285,0.0016035979924779102
sentiment,7,expected_to_improve,7,2,2,2,0.7874885730211818,0.0029735946461977285
sentiment,7,expected_to_improve,8,1,1,1,0.6717058823529412,0.003232875244714441
sentiment,7,reduces_or_prevents,0,1,1,1,0.8999999999999999,0.0008597427774982076
sentiment,7,reduces_or_prevents,1,1,1,1,0.5604395604395603,0.002412010071372971
sentiment,7,reduces_or_prevents,2,1,1,1,0.710375939849624,0.007597616495873504
sentiment,7,reduces_or_prevents,4,1,1,1,0.809172932330827,0.011314347459220775
sentiment,7,requires_or_depends_on,0,2,2,2,0.6644273873185638,0.007018028990950544
sentiment,7,requires_or_depends_on,4,1,1,1,0.7695,0.0020325553197718086
sentiment,7,requires_or_depends_on,5,1,1,1,0.7478142857142855,0.0016180170321584263
sentiment,7,requires_or_depends_on,7,1,1,1,0.771875,0.0029210795379082137
sentiment,7,risks_or_threatens,1,1,1,1,0.6750649350649349,0.009742191625698185
sentiment,7,risks_or_threatens,3,1,1,1,0.6323809523809523,0.006263485963773563
sentiment,7,risks_or_threatens,7,1,1,1,0.6270329670329671,0.0070469810960844355
sentiment,8,causes_or_increases,0,4,4,4,0.8132231527093596,0.0070662211213812914
sentiment,8,causes_or_increases,1,2,1,1,0.9708333333333333,0.00327222348869753
sentiment,8,causes_or_increases,2,1,1,1,0.7890909090909091,0.006990022902819117
sentiment,8,causes_or_increases,5,3,3,3,0.8647719298245614,0.004428502351169813
sentiment,8,causes_or_increases,6,6,4,4,0.7740108543417367,0.004787237753522703
sentiment,8,causes_or_increases,7,4,4,4,0.7329169934640523,0.009661952736323776
sentiment,8,causes_or_increases,8,3,3,3,0.7431926406926407,0.006257661339245922
sentiment,8,enables_or_supports,0,1,1,1,0.7732262931034481,0.01379618762755623
sentiment,8,enables_or_supports,1,1,1,1,0.8617857142857143,0.0017093039190698583
sentiment,8,enables_or_supports,2,3,2,2,0.7218869047619046,0.12402140089171344
sentiment,8,enables_or_supports,3,4,4,4,0.619205089017589,0.0035204302751421493
sentiment,8,enables_or_supports,4,2,1,1,0.7965037278657967,0.0037850578621644072
sentiment,8,enables_or_supports,5,1,1,1,0.7540285714285715,0.047521102153111144
sentiment,8,enables_or_supports,6,1,1,1,0.5473809523809523,0.001901027253227703
sentiment,8,enables_or_supports,7,4,2,2,0.657086397977023,0.0016410322383934844
sentiment,8,enables_or_supports,8,2,2,2,0.5928035714285713,0.008754054432233873
sentiment,8,expected_to_improve,4,1,1,1,0.8848571428571427,0.0030648719138710173
sentiment,8,expected_to_improve,5,1,1,1,0.6400625,0.0013499063118564878
sentiment,8,expected_to_improve,6,2,2,2,0.7832371403106696,0.00658152257563084
sentiment,8,expected_to_improve,7,1,1,1,0.8222413793103448,0.0020408638571354906
sentiment,8,reduces_or_prevents,2,1,1,1,0.8692016806722689,0.002511430732766183
sentiment,8,reduces_or_prevents,4,1,1,1,0.5517460317460317,0.048836173813669906
sentiment,8,reduces_or_prevents,5,3,2,2,0.8161344537815126,0.004202282700214033
sentiment,8,reduces_or_prevents,8,1,1,1,0.8738345864661654,0.07390376068490123
sentiment,8,requires_or_depends_on,0,1,1,1,0.4994285714285714,0.010616705381044256
sentiment,8,risks_or_threatens,7,2,1,1,0.759963768115942,0.0360057109749094
