topic,cause_gap_contribution,effect_gap_contribution,relation_gap_magnitude,topic_code,frame_support,unique_documents,unique_sources,mean_frame_quality,mean_assignment_confidence,fallback_share
0,0.15344223663495735,0.15747951325666354,0.3109217498916209,P0,963,60,60,0.700082543021152,0.412823623261917,0.3078920041536864
1,0.08667044116784692,0.14275909812502308,0.22942953929287,P1,467,50,50,0.7211746002394573,0.45061626411080685,0.2740899357601713
2,0.133633354544817,0.17628481014956804,0.30991816469438505,P2,409,54,54,0.7205424169618145,0.4722107159170727,0.32885085574572126
3,0.0703947611083648,0.05969354182908275,0.13008830293744755,P3,611,46,46,0.7242795592344405,0.4551679845360131,0.31342062193126025
4,0.10876870223084659,0.09878535019390942,0.207554052424756,P4,505,53,53,0.7078326138235529,0.4551957132519557,0.27821782178217824
5,0.08698736253423096,0.12897814987191422,0.2159655124061452,P5,832,60,60,0.7168749165953704,0.44426869432763283,0.23137019230769232
6,0.12464453357922367,0.13940842337331605,0.2640529569525397,P6,895,60,60,0.709225256851126,0.43562884250486006,0.2865921787709497
7,0.14263281034907,0.11828359305388148,0.26091640340295147,P7,922,61,61,0.702041366496583,0.44238356207779134,0.24078091106290672
8,0.20519919870132008,0.0907009209973188,0.2959001196986389,P8,726,58,58,0.7171118948375338,0.3841711483338312,0.2858126721763085
